2024-11-06 12:38:54,356 - ShapeNetPart - INFO - PARAMETER ...
2024-11-06 12:38:54,357 - ShapeNetPart - INFO - Namespace(batch_size=4, ckpts='../ckpt/ckpt-last-vitb-m0.8-d384-dec2.pth', epoch=300, gpu='0', learning_rate=0.0002, log_dir='./exp_v3', model='pt', normal=False, npoint=102400, optimizer_part='all', root='../data/origin_segment_all_v3/', warmup_epoch=10)
2024-11-06 12:38:54,364 - ShapeNetPart - INFO - The number of training data is: 176
2024-11-06 12:38:54,364 - ShapeNetPart - INFO - The number of test data is: 45
2024-11-06 12:39:06,945 - ShapeNetPart - INFO - Epoch 1 (1/300):
2024-11-06 12:42:00,338 - ShapeNetPart - INFO - Train accuracy is: 16.32500
2024-11-06 12:42:00,338 - ShapeNetPart - INFO - Train loss: 2.78917
2024-11-06 12:42:00,338 - ShapeNetPart - INFO - lr: 0.000001
2024-11-06 12:42:55,283 - ShapeNetPart - INFO - eval mIoU of Car            9.859541
2024-11-06 12:42:55,283 - ShapeNetPart - INFO - Epoch 1 ETA: 19:01:41 test Accuracy: 31.013780  Class avg mIOU: 9.859541  Inctance avg mIOU: 9.859541
2024-11-06 12:42:55,283 - ShapeNetPart - INFO - Save model...
2024-11-06 12:42:55,283 - ShapeNetPart - INFO - Saving at log/part_seg/exp_v3/checkpoints/best_model.pth
2024-11-06 12:42:56,208 - ShapeNetPart - INFO - Saving model....
2024-11-06 12:42:56,208 - ShapeNetPart - INFO - [Acc.] Best accuracy is: 31.01378
2024-11-06 12:42:56,208 - ShapeNetPart - INFO - [mIoU_C] Best class avg mIOU is: 9.85954
2024-11-06 12:42:56,208 - ShapeNetPart - INFO - [mIoU_I] Best inctance avg mIOU is: 9.85954
2024-11-06 12:42:56,208 - ShapeNetPart - INFO - Epoch 2 (2/300):
2024-11-06 12:46:05,736 - ShapeNetPart - INFO - Train accuracy is: 31.68594
2024-11-06 12:46:05,737 - ShapeNetPart - INFO - Train loss: 2.66560
2024-11-06 12:46:05,737 - ShapeNetPart - INFO - lr: 0.000021
2024-11-06 12:47:02,448 - ShapeNetPart - INFO - eval mIoU of Car            10.424256
2024-11-06 12:47:02,449 - ShapeNetPart - INFO - Epoch 2 ETA: 1 day, 5:13:44 test Accuracy: 50.165885  Class avg mIOU: 10.424256  Inctance avg mIOU: 10.424256
2024-11-06 12:47:02,449 - ShapeNetPart - INFO - Save model...
2024-11-06 12:47:02,449 - ShapeNetPart - INFO - Saving at log/part_seg/exp_v3/checkpoints/best_model.pth
2024-11-06 12:47:03,564 - ShapeNetPart - INFO - Saving model....
2024-11-06 12:47:03,564 - ShapeNetPart - INFO - [Acc.] Best accuracy is: 50.16589
2024-11-06 12:47:03,564 - ShapeNetPart - INFO - [mIoU_C] Best class avg mIOU is: 10.42426
2024-11-06 12:47:03,564 - ShapeNetPart - INFO - [mIoU_I] Best inctance avg mIOU is: 10.42426
2024-11-06 12:47:03,565 - ShapeNetPart - INFO - Epoch 3 (3/300):
2024-11-06 12:49:57,808 - ShapeNetPart - INFO - Train accuracy is: 64.59462
2024-11-06 12:49:57,809 - ShapeNetPart - INFO - Train loss: 2.08073
2024-11-06 12:49:57,809 - ShapeNetPart - INFO - lr: 0.000041
2024-11-06 12:50:52,003 - ShapeNetPart - INFO - eval mIoU of Car            33.686948
2024-11-06 12:50:52,003 - ShapeNetPart - INFO - Epoch 3 ETA: 1 day, 14:52:31 test Accuracy: 67.664865  Class avg mIOU: 33.686948  Inctance avg mIOU: 33.686948
2024-11-06 12:50:52,003 - ShapeNetPart - INFO - Save model...
2024-11-06 12:50:52,003 - ShapeNetPart - INFO - Saving at log/part_seg/exp_v3/checkpoints/best_model.pth
2024-11-06 12:50:53,039 - ShapeNetPart - INFO - Saving model....
2024-11-06 12:50:53,040 - ShapeNetPart - INFO - [Acc.] Best accuracy is: 67.66487
2024-11-06 12:50:53,040 - ShapeNetPart - INFO - [mIoU_C] Best class avg mIOU is: 33.68695
2024-11-06 12:50:53,040 - ShapeNetPart - INFO - [mIoU_I] Best inctance avg mIOU is: 33.68695
2024-11-06 12:50:53,040 - ShapeNetPart - INFO - Epoch 4 (4/300):
2024-11-06 12:53:56,367 - ShapeNetPart - INFO - Train accuracy is: 71.92978
2024-11-06 12:53:56,367 - ShapeNetPart - INFO - Train loss: 1.51552
2024-11-06 12:53:56,367 - ShapeNetPart - INFO - lr: 0.000061
2024-11-06 12:54:50,328 - ShapeNetPart - INFO - eval mIoU of Car            36.736348
2024-11-06 12:54:50,329 - ShapeNetPart - INFO - Epoch 4 ETA: 2 days, 0:30:57 test Accuracy: 72.886957  Class avg mIOU: 36.736348  Inctance avg mIOU: 36.736348
2024-11-06 12:54:50,329 - ShapeNetPart - INFO - Save model...
2024-11-06 12:54:50,329 - ShapeNetPart - INFO - Saving at log/part_seg/exp_v3/checkpoints/best_model.pth
2024-11-06 12:54:51,394 - ShapeNetPart - INFO - Saving model....
2024-11-06 12:54:51,394 - ShapeNetPart - INFO - [Acc.] Best accuracy is: 72.88696
2024-11-06 12:54:51,394 - ShapeNetPart - INFO - [mIoU_C] Best class avg mIOU is: 36.73635
2024-11-06 12:54:51,394 - ShapeNetPart - INFO - [mIoU_I] Best inctance avg mIOU is: 36.73635
2024-11-06 12:54:51,394 - ShapeNetPart - INFO - Epoch 5 (5/300):
2024-11-06 12:58:06,266 - ShapeNetPart - INFO - Train accuracy is: 76.64645
2024-11-06 12:58:06,266 - ShapeNetPart - INFO - Train loss: 1.10395
2024-11-06 12:58:06,267 - ShapeNetPart - INFO - lr: 0.000081
2024-11-06 12:59:01,300 - ShapeNetPart - INFO - eval mIoU of Car            39.468306
2024-11-06 12:59:01,300 - ShapeNetPart - INFO - Epoch 5 ETA: 2 days, 10:19:21 test Accuracy: 75.122808  Class avg mIOU: 39.468306  Inctance avg mIOU: 39.468306
2024-11-06 12:59:01,301 - ShapeNetPart - INFO - Save model...
2024-11-06 12:59:01,301 - ShapeNetPart - INFO - Saving at log/part_seg/exp_v3/checkpoints/best_model.pth
2024-11-06 12:59:02,444 - ShapeNetPart - INFO - Saving model....
2024-11-06 12:59:02,444 - ShapeNetPart - INFO - [Acc.] Best accuracy is: 75.12281
2024-11-06 12:59:02,444 - ShapeNetPart - INFO - [mIoU_C] Best class avg mIOU is: 39.46831
2024-11-06 12:59:02,444 - ShapeNetPart - INFO - [mIoU_I] Best inctance avg mIOU is: 39.46831
2024-11-06 12:59:02,444 - ShapeNetPart - INFO - Epoch 6 (6/300):
2024-11-06 13:02:14,795 - ShapeNetPart - INFO - Train accuracy is: 78.46094
2024-11-06 13:02:14,795 - ShapeNetPart - INFO - Train loss: 0.91409
2024-11-06 13:02:14,795 - ShapeNetPart - INFO - lr: 0.000101
2024-11-06 13:03:10,268 - ShapeNetPart - INFO - eval mIoU of Car            41.914477
2024-11-06 13:03:10,268 - ShapeNetPart - INFO - Epoch 6 ETA: 2 days, 20:09:00 test Accuracy: 76.839562  Class avg mIOU: 41.914477  Inctance avg mIOU: 41.914477
2024-11-06 13:03:10,268 - ShapeNetPart - INFO - Save model...
2024-11-06 13:03:10,269 - ShapeNetPart - INFO - Saving at log/part_seg/exp_v3/checkpoints/best_model.pth
2024-11-06 13:03:11,361 - ShapeNetPart - INFO - Saving model....
2024-11-06 13:03:11,362 - ShapeNetPart - INFO - [Acc.] Best accuracy is: 76.83956
2024-11-06 13:03:11,362 - ShapeNetPart - INFO - [mIoU_C] Best class avg mIOU is: 41.91448
2024-11-06 13:03:11,362 - ShapeNetPart - INFO - [mIoU_I] Best inctance avg mIOU is: 41.91448
2024-11-06 13:03:11,362 - ShapeNetPart - INFO - Epoch 7 (7/300):
2024-11-06 13:06:35,113 - ShapeNetPart - INFO - Train accuracy is: 80.94779
2024-11-06 13:06:35,114 - ShapeNetPart - INFO - Train loss: 0.76054
2024-11-06 13:06:35,114 - ShapeNetPart - INFO - lr: 0.000120
2024-11-06 13:07:32,995 - ShapeNetPart - INFO - eval mIoU of Car            43.910918
2024-11-06 13:07:33,000 - ShapeNetPart - INFO - Epoch 7 ETA: 3 days, 6:07:13 test Accuracy: 78.545985  Class avg mIOU: 43.910918  Inctance avg mIOU: 43.910918
2024-11-06 13:07:33,000 - ShapeNetPart - INFO - Save model...
2024-11-06 13:07:33,000 - ShapeNetPart - INFO - Saving at log/part_seg/exp_v3/checkpoints/best_model.pth
2024-11-06 13:07:34,182 - ShapeNetPart - INFO - Saving model....
2024-11-06 13:07:34,183 - ShapeNetPart - INFO - [Acc.] Best accuracy is: 78.54599
2024-11-06 13:07:34,183 - ShapeNetPart - INFO - [mIoU_C] Best class avg mIOU is: 43.91092
2024-11-06 13:07:34,183 - ShapeNetPart - INFO - [mIoU_I] Best inctance avg mIOU is: 43.91092
2024-11-06 13:07:34,183 - ShapeNetPart - INFO - Epoch 8 (8/300):
2024-11-06 13:10:34,298 - ShapeNetPart - INFO - Train accuracy is: 82.05324
2024-11-06 13:10:34,298 - ShapeNetPart - INFO - Train loss: 0.67515
2024-11-06 13:10:34,298 - ShapeNetPart - INFO - lr: 0.000140
2024-11-06 13:11:29,562 - ShapeNetPart - INFO - eval mIoU of Car            45.751011
2024-11-06 13:11:29,563 - ShapeNetPart - INFO - Epoch 8 ETA: 3 days, 15:53:10 test Accuracy: 78.348958  Class avg mIOU: 45.751011  Inctance avg mIOU: 45.751011
2024-11-06 13:11:29,563 - ShapeNetPart - INFO - Save model...
2024-11-06 13:11:29,563 - ShapeNetPart - INFO - Saving at log/part_seg/exp_v3/checkpoints/best_model.pth
2024-11-06 13:11:30,735 - ShapeNetPart - INFO - Saving model....
2024-11-06 13:11:30,736 - ShapeNetPart - INFO - [Acc.] Best accuracy is: 78.54599
2024-11-06 13:11:30,736 - ShapeNetPart - INFO - [mIoU_C] Best class avg mIOU is: 45.75101
2024-11-06 13:11:30,736 - ShapeNetPart - INFO - [mIoU_I] Best inctance avg mIOU is: 45.75101
2024-11-06 13:11:30,736 - ShapeNetPart - INFO - Epoch 9 (9/300):
2024-11-06 13:14:23,157 - ShapeNetPart - INFO - Train accuracy is: 81.87900
2024-11-06 13:14:23,157 - ShapeNetPart - INFO - Train loss: 0.60878
2024-11-06 13:14:23,158 - ShapeNetPart - INFO - lr: 0.000160
2024-11-06 13:15:18,884 - ShapeNetPart - INFO - eval mIoU of Car            43.907848
2024-11-06 13:15:18,884 - ShapeNetPart - INFO - Epoch 9 ETA: 4 days, 1:25:43 test Accuracy: 77.836892  Class avg mIOU: 43.907848  Inctance avg mIOU: 43.907848
2024-11-06 13:15:18,884 - ShapeNetPart - INFO - [Acc.] Best accuracy is: 78.54599
2024-11-06 13:15:18,884 - ShapeNetPart - INFO - [mIoU_C] Best class avg mIOU is: 45.75101
2024-11-06 13:15:18,884 - ShapeNetPart - INFO - [mIoU_I] Best inctance avg mIOU is: 45.75101
2024-11-06 13:15:18,885 - ShapeNetPart - INFO - Epoch 10 (10/300):
2024-11-06 13:18:24,104 - ShapeNetPart - INFO - Train accuracy is: 83.51845
2024-11-06 13:18:24,105 - ShapeNetPart - INFO - Train loss: 0.56857
2024-11-06 13:18:24,105 - ShapeNetPart - INFO - lr: 0.000180
2024-11-06 13:19:19,978 - ShapeNetPart - INFO - eval mIoU of Car            46.050593
2024-11-06 13:19:19,978 - ShapeNetPart - INFO - Epoch 10 ETA: 4 days, 10:53:27 test Accuracy: 78.248459  Class avg mIOU: 46.050593  Inctance avg mIOU: 46.050593
2024-11-06 13:19:19,978 - ShapeNetPart - INFO - Save model...
2024-11-06 13:19:19,978 - ShapeNetPart - INFO - Saving at log/part_seg/exp_v3/checkpoints/best_model.pth
2024-11-06 13:19:21,022 - ShapeNetPart - INFO - Saving model....
2024-11-06 13:19:21,022 - ShapeNetPart - INFO - [Acc.] Best accuracy is: 78.54599
2024-11-06 13:19:21,022 - ShapeNetPart - INFO - [mIoU_C] Best class avg mIOU is: 46.05059
2024-11-06 13:19:21,022 - ShapeNetPart - INFO - [mIoU_I] Best inctance avg mIOU is: 46.05059
2024-11-06 13:19:21,022 - ShapeNetPart - INFO - Epoch 11 (11/300):
2024-11-06 13:22:27,351 - ShapeNetPart - INFO - Train accuracy is: 83.13502
2024-11-06 13:22:27,351 - ShapeNetPart - INFO - Train loss: 0.53957
2024-11-06 13:22:27,352 - ShapeNetPart - INFO - lr: 0.000199
2024-11-06 13:23:24,575 - ShapeNetPart - INFO - eval mIoU of Car            47.713306
2024-11-06 13:23:24,575 - ShapeNetPart - INFO - Epoch 11 ETA: 4 days, 20:18:07 test Accuracy: 79.483507  Class avg mIOU: 47.713306  Inctance avg mIOU: 47.713306
2024-11-06 13:23:24,575 - ShapeNetPart - INFO - Save model...
2024-11-06 13:23:24,575 - ShapeNetPart - INFO - Saving at log/part_seg/exp_v3/checkpoints/best_model.pth
2024-11-06 13:23:25,756 - ShapeNetPart - INFO - Saving model....
2024-11-06 13:23:25,756 - ShapeNetPart - INFO - [Acc.] Best accuracy is: 79.48351
2024-11-06 13:23:25,756 - ShapeNetPart - INFO - [mIoU_C] Best class avg mIOU is: 47.71331
2024-11-06 13:23:25,756 - ShapeNetPart - INFO - [mIoU_I] Best inctance avg mIOU is: 47.71331
2024-11-06 13:23:25,756 - ShapeNetPart - INFO - Epoch 12 (12/300):
2024-11-06 13:26:21,285 - ShapeNetPart - INFO - Train accuracy is: 82.62371
2024-11-06 13:26:21,286 - ShapeNetPart - INFO - Train loss: 0.53627
2024-11-06 13:26:21,286 - ShapeNetPart - INFO - lr: 0.000199
2024-11-06 13:27:16,886 - ShapeNetPart - INFO - eval mIoU of Car            44.404645
2024-11-06 13:27:16,887 - ShapeNetPart - INFO - Epoch 12 ETA: 5 days, 5:34:32 test Accuracy: 76.842795  Class avg mIOU: 44.404645  Inctance avg mIOU: 44.404645
2024-11-06 13:27:16,887 - ShapeNetPart - INFO - [Acc.] Best accuracy is: 79.48351
2024-11-06 13:27:16,887 - ShapeNetPart - INFO - [mIoU_C] Best class avg mIOU is: 47.71331
2024-11-06 13:27:16,887 - ShapeNetPart - INFO - [mIoU_I] Best inctance avg mIOU is: 47.71331
2024-11-06 13:27:16,887 - ShapeNetPart - INFO - Epoch 13 (13/300):
2024-11-06 13:30:11,944 - ShapeNetPart - INFO - Train accuracy is: 83.41760
2024-11-06 13:30:11,945 - ShapeNetPart - INFO - Train loss: 0.49791
2024-11-06 13:30:11,945 - ShapeNetPart - INFO - lr: 0.000199
2024-11-06 13:31:08,336 - ShapeNetPart - INFO - eval mIoU of Car            45.717482
2024-11-06 13:31:08,337 - ShapeNetPart - INFO - Epoch 13 ETA: 5 days, 14:43:24 test Accuracy: 81.097070  Class avg mIOU: 45.717482  Inctance avg mIOU: 45.717482
2024-11-06 13:31:08,337 - ShapeNetPart - INFO - [Acc.] Best accuracy is: 81.09707
2024-11-06 13:31:08,337 - ShapeNetPart - INFO - [mIoU_C] Best class avg mIOU is: 47.71331
2024-11-06 13:31:08,337 - ShapeNetPart - INFO - [mIoU_I] Best inctance avg mIOU is: 47.71331
2024-11-06 13:31:08,337 - ShapeNetPart - INFO - Epoch 14 (14/300):
2024-11-06 13:34:11,329 - ShapeNetPart - INFO - Train accuracy is: 85.18932
2024-11-06 13:34:11,329 - ShapeNetPart - INFO - Train loss: 0.44961
2024-11-06 13:34:11,329 - ShapeNetPart - INFO - lr: 0.000199
2024-11-06 13:35:13,099 - ShapeNetPart - INFO - eval mIoU of Car            43.462513
2024-11-06 13:35:13,100 - ShapeNetPart - INFO - Epoch 14 ETA: 5 days, 23:50:04 test Accuracy: 68.718012  Class avg mIOU: 43.462513  Inctance avg mIOU: 43.462513
2024-11-06 13:35:13,101 - ShapeNetPart - INFO - [Acc.] Best accuracy is: 81.09707
2024-11-06 13:35:13,101 - ShapeNetPart - INFO - [mIoU_C] Best class avg mIOU is: 47.71331
2024-11-06 13:35:13,101 - ShapeNetPart - INFO - [mIoU_I] Best inctance avg mIOU is: 47.71331
2024-11-06 13:35:13,101 - ShapeNetPart - INFO - Epoch 15 (15/300):
2024-11-06 13:38:16,675 - ShapeNetPart - INFO - Train accuracy is: 82.12533
2024-11-06 13:38:16,675 - ShapeNetPart - INFO - Train loss: 0.51032
2024-11-06 13:38:16,675 - ShapeNetPart - INFO - lr: 0.000199
2024-11-06 13:39:12,236 - ShapeNetPart - INFO - eval mIoU of Car            44.139012
2024-11-06 13:39:12,236 - ShapeNetPart - INFO - Epoch 15 ETA: 6 days, 8:52:20 test Accuracy: 76.561697  Class avg mIOU: 44.139012  Inctance avg mIOU: 44.139012
2024-11-06 13:39:12,236 - ShapeNetPart - INFO - [Acc.] Best accuracy is: 81.09707
2024-11-06 13:39:12,236 - ShapeNetPart - INFO - [mIoU_C] Best class avg mIOU is: 47.71331
2024-11-06 13:39:12,236 - ShapeNetPart - INFO - [mIoU_I] Best inctance avg mIOU is: 47.71331
2024-11-06 13:39:12,236 - ShapeNetPart - INFO - Epoch 16 (16/300):
2024-11-06 13:42:13,411 - ShapeNetPart - INFO - Train accuracy is: 84.67421
2024-11-06 13:42:13,411 - ShapeNetPart - INFO - Train loss: 0.44894
2024-11-06 13:42:13,411 - ShapeNetPart - INFO - lr: 0.000199
2024-11-06 13:43:08,378 - ShapeNetPart - INFO - eval mIoU of Car            51.114209
2024-11-06 13:43:08,379 - ShapeNetPart - INFO - Epoch 16 ETA: 6 days, 17:49:26 test Accuracy: 82.746853  Class avg mIOU: 51.114209  Inctance avg mIOU: 51.114209
2024-11-06 13:43:08,379 - ShapeNetPart - INFO - Save model...
2024-11-06 13:43:08,379 - ShapeNetPart - INFO - Saving at log/part_seg/exp_v3/checkpoints/best_model.pth
2024-11-06 13:43:09,437 - ShapeNetPart - INFO - Saving model....
2024-11-06 13:43:09,438 - ShapeNetPart - INFO - [Acc.] Best accuracy is: 82.74685
2024-11-06 13:43:09,438 - ShapeNetPart - INFO - [mIoU_C] Best class avg mIOU is: 51.11421
2024-11-06 13:43:09,438 - ShapeNetPart - INFO - [mIoU_I] Best inctance avg mIOU is: 51.11421
2024-11-06 13:43:09,438 - ShapeNetPart - INFO - Epoch 17 (17/300):
2024-11-06 13:46:10,437 - ShapeNetPart - INFO - Train accuracy is: 84.86267
2024-11-06 13:46:10,438 - ShapeNetPart - INFO - Train loss: 0.45912
2024-11-06 13:46:10,438 - ShapeNetPart - INFO - lr: 0.000199
2024-11-06 13:47:05,238 - ShapeNetPart - INFO - eval mIoU of Car            54.208855
2024-11-06 13:47:05,239 - ShapeNetPart - INFO - Epoch 17 ETA: 7 days, 2:41:45 test Accuracy: 81.628841  Class avg mIOU: 54.208855  Inctance avg mIOU: 54.208855
2024-11-06 13:47:05,239 - ShapeNetPart - INFO - Save model...
2024-11-06 13:47:05,239 - ShapeNetPart - INFO - Saving at log/part_seg/exp_v3/checkpoints/best_model.pth
2024-11-06 13:47:06,470 - ShapeNetPart - INFO - Saving model....
2024-11-06 13:47:06,470 - ShapeNetPart - INFO - [Acc.] Best accuracy is: 82.74685
2024-11-06 13:47:06,470 - ShapeNetPart - INFO - [mIoU_C] Best class avg mIOU is: 54.20885
2024-11-06 13:47:06,470 - ShapeNetPart - INFO - [mIoU_I] Best inctance avg mIOU is: 54.20885
2024-11-06 13:47:06,471 - ShapeNetPart - INFO - Epoch 18 (18/300):
2024-11-06 13:50:04,351 - ShapeNetPart - INFO - Train accuracy is: 84.93594
2024-11-06 13:50:04,352 - ShapeNetPart - INFO - Train loss: 0.44067
2024-11-06 13:50:04,352 - ShapeNetPart - INFO - lr: 0.000198
2024-11-06 13:51:01,879 - ShapeNetPart - INFO - eval mIoU of Car            51.601583
2024-11-06 13:51:01,880 - ShapeNetPart - INFO - Epoch 18 ETA: 7 days, 11:29:22 test Accuracy: 80.325673  Class avg mIOU: 51.601583  Inctance avg mIOU: 51.601583
2024-11-06 13:51:01,880 - ShapeNetPart - INFO - [Acc.] Best accuracy is: 82.74685
2024-11-06 13:51:01,880 - ShapeNetPart - INFO - [mIoU_C] Best class avg mIOU is: 54.20885
2024-11-06 13:51:01,881 - ShapeNetPart - INFO - [mIoU_I] Best inctance avg mIOU is: 54.20885
2024-11-06 13:51:01,881 - ShapeNetPart - INFO - Epoch 19 (19/300):
2024-11-06 13:54:11,360 - ShapeNetPart - INFO - Train accuracy is: 85.78082
2024-11-06 13:54:11,360 - ShapeNetPart - INFO - Train loss: 0.40922
2024-11-06 13:54:11,361 - ShapeNetPart - INFO - lr: 0.000198
2024-11-06 13:55:06,613 - ShapeNetPart - INFO - eval mIoU of Car            54.202821
2024-11-06 13:55:06,614 - ShapeNetPart - INFO - Epoch 19 ETA: 7 days, 20:14:26 test Accuracy: 83.516970  Class avg mIOU: 54.202821  Inctance avg mIOU: 54.202821
2024-11-06 13:55:06,614 - ShapeNetPart - INFO - [Acc.] Best accuracy is: 83.51697
2024-11-06 13:55:06,614 - ShapeNetPart - INFO - [mIoU_C] Best class avg mIOU is: 54.20885
2024-11-06 13:55:06,614 - ShapeNetPart - INFO - [mIoU_I] Best inctance avg mIOU is: 54.20885
2024-11-06 13:55:06,614 - ShapeNetPart - INFO - Epoch 20 (20/300):
2024-11-06 13:58:02,529 - ShapeNetPart - INFO - Train accuracy is: 85.55459
2024-11-06 13:58:02,529 - ShapeNetPart - INFO - Train loss: 0.41174
2024-11-06 13:58:02,529 - ShapeNetPart - INFO - lr: 0.000198
2024-11-06 13:58:59,429 - ShapeNetPart - INFO - eval mIoU of Car            54.149761
2024-11-06 13:58:59,430 - ShapeNetPart - INFO - Epoch 20 ETA: 8 days, 4:53:54 test Accuracy: 83.581510  Class avg mIOU: 54.149761  Inctance avg mIOU: 54.149761
2024-11-06 13:58:59,430 - ShapeNetPart - INFO - [Acc.] Best accuracy is: 83.58151
2024-11-06 13:58:59,430 - ShapeNetPart - INFO - [mIoU_C] Best class avg mIOU is: 54.20885
2024-11-06 13:58:59,430 - ShapeNetPart - INFO - [mIoU_I] Best inctance avg mIOU is: 54.20885
2024-11-06 13:58:59,430 - ShapeNetPart - INFO - Epoch 21 (21/300):
2024-11-06 14:02:01,523 - ShapeNetPart - INFO - Train accuracy is: 86.64498
2024-11-06 14:02:01,523 - ShapeNetPart - INFO - Train loss: 0.38228
2024-11-06 14:02:01,523 - ShapeNetPart - INFO - lr: 0.000198
2024-11-06 14:03:01,701 - ShapeNetPart - INFO - eval mIoU of Car            56.059032
2024-11-06 14:03:01,701 - ShapeNetPart - INFO - Epoch 21 ETA: 8 days, 13:30:08 test Accuracy: 82.794336  Class avg mIOU: 56.059032  Inctance avg mIOU: 56.059032
2024-11-06 14:03:01,701 - ShapeNetPart - INFO - Save model...
2024-11-06 14:03:01,701 - ShapeNetPart - INFO - Saving at log/part_seg/exp_v3/checkpoints/best_model.pth
2024-11-06 14:03:02,679 - ShapeNetPart - INFO - Saving model....
2024-11-06 14:03:02,679 - ShapeNetPart - INFO - [Acc.] Best accuracy is: 83.58151
2024-11-06 14:03:02,680 - ShapeNetPart - INFO - [mIoU_C] Best class avg mIOU is: 56.05903
2024-11-06 14:03:02,680 - ShapeNetPart - INFO - [mIoU_I] Best inctance avg mIOU is: 56.05903
2024-11-06 14:03:02,680 - ShapeNetPart - INFO - Epoch 22 (22/300):
2024-11-06 14:06:06,195 - ShapeNetPart - INFO - Train accuracy is: 87.21205
2024-11-06 14:06:06,196 - ShapeNetPart - INFO - Train loss: 0.35595
2024-11-06 14:06:06,196 - ShapeNetPart - INFO - lr: 0.000198
2024-11-06 14:07:02,525 - ShapeNetPart - INFO - eval mIoU of Car            51.943005
2024-11-06 14:07:02,526 - ShapeNetPart - INFO - Epoch 22 ETA: 8 days, 22:02:42 test Accuracy: 83.457140  Class avg mIOU: 51.943005  Inctance avg mIOU: 51.943005
2024-11-06 14:07:02,526 - ShapeNetPart - INFO - [Acc.] Best accuracy is: 83.58151
2024-11-06 14:07:02,526 - ShapeNetPart - INFO - [mIoU_C] Best class avg mIOU is: 56.05903
2024-11-06 14:07:02,526 - ShapeNetPart - INFO - [mIoU_I] Best inctance avg mIOU is: 56.05903
2024-11-06 14:07:02,526 - ShapeNetPart - INFO - Epoch 23 (23/300):
2024-11-06 14:10:04,146 - ShapeNetPart - INFO - Train accuracy is: 87.12153
2024-11-06 14:10:04,146 - ShapeNetPart - INFO - Train loss: 0.37271
2024-11-06 14:10:04,146 - ShapeNetPart - INFO - lr: 0.000197
2024-11-06 14:11:01,919 - ShapeNetPart - INFO - eval mIoU of Car            54.592020
2024-11-06 14:11:01,920 - ShapeNetPart - INFO - Epoch 23 ETA: 9 days, 6:31:17 test Accuracy: 83.954688  Class avg mIOU: 54.592020  Inctance avg mIOU: 54.592020
2024-11-06 14:11:01,920 - ShapeNetPart - INFO - [Acc.] Best accuracy is: 83.95469
2024-11-06 14:11:01,920 - ShapeNetPart - INFO - [mIoU_C] Best class avg mIOU is: 56.05903
2024-11-06 14:11:01,920 - ShapeNetPart - INFO - [mIoU_I] Best inctance avg mIOU is: 56.05903
2024-11-06 14:11:01,921 - ShapeNetPart - INFO - Epoch 24 (24/300):
2024-11-06 14:14:21,771 - ShapeNetPart - INFO - Train accuracy is: 87.31423
2024-11-06 14:14:21,772 - ShapeNetPart - INFO - Train loss: 0.36568
2024-11-06 14:14:21,772 - ShapeNetPart - INFO - lr: 0.000197
2024-11-06 14:15:20,714 - ShapeNetPart - INFO - eval mIoU of Car            39.355279
2024-11-06 14:15:20,715 - ShapeNetPart - INFO - Epoch 24 ETA: 9 days, 14:59:36 test Accuracy: 65.676649  Class avg mIOU: 39.355279  Inctance avg mIOU: 39.355279
2024-11-06 14:15:20,715 - ShapeNetPart - INFO - [Acc.] Best accuracy is: 83.95469
2024-11-06 14:15:20,715 - ShapeNetPart - INFO - [mIoU_C] Best class avg mIOU is: 56.05903
2024-11-06 14:15:20,715 - ShapeNetPart - INFO - [mIoU_I] Best inctance avg mIOU is: 56.05903
2024-11-06 14:15:20,715 - ShapeNetPart - INFO - Epoch 25 (25/300):
2024-11-06 14:18:14,118 - ShapeNetPart - INFO - Train accuracy is: 84.73230
2024-11-06 14:18:14,118 - ShapeNetPart - INFO - Train loss: 0.44342
2024-11-06 14:18:14,118 - ShapeNetPart - INFO - lr: 0.000197
2024-11-06 14:19:11,060 - ShapeNetPart - INFO - eval mIoU of Car            55.118684
2024-11-06 14:19:11,060 - ShapeNetPart - INFO - Epoch 25 ETA: 9 days, 23:21:56 test Accuracy: 85.239410  Class avg mIOU: 55.118684  Inctance avg mIOU: 55.118684
2024-11-06 14:19:11,060 - ShapeNetPart - INFO - [Acc.] Best accuracy is: 85.23941
2024-11-06 14:19:11,061 - ShapeNetPart - INFO - [mIoU_C] Best class avg mIOU is: 56.05903
2024-11-06 14:19:11,061 - ShapeNetPart - INFO - [mIoU_I] Best inctance avg mIOU is: 56.05903
2024-11-06 14:19:11,061 - ShapeNetPart - INFO - Epoch 26 (26/300):
2024-11-06 14:22:17,478 - ShapeNetPart - INFO - Train accuracy is: 88.34629
2024-11-06 14:22:17,478 - ShapeNetPart - INFO - Train loss: 0.33228
2024-11-06 14:22:17,478 - ShapeNetPart - INFO - lr: 0.000197
2024-11-06 14:23:12,989 - ShapeNetPart - INFO - eval mIoU of Car            57.236440
2024-11-06 14:23:12,989 - ShapeNetPart - INFO - Epoch 26 ETA: 10 days, 7:40:35 test Accuracy: 86.328494  Class avg mIOU: 57.236440  Inctance avg mIOU: 57.236440
2024-11-06 14:23:12,989 - ShapeNetPart - INFO - Save model...
2024-11-06 14:23:12,989 - ShapeNetPart - INFO - Saving at log/part_seg/exp_v3/checkpoints/best_model.pth
2024-11-06 14:23:14,317 - ShapeNetPart - INFO - Saving model....
2024-11-06 14:23:14,317 - ShapeNetPart - INFO - [Acc.] Best accuracy is: 86.32849
2024-11-06 14:23:14,317 - ShapeNetPart - INFO - [mIoU_C] Best class avg mIOU is: 57.23644
2024-11-06 14:23:14,317 - ShapeNetPart - INFO - [mIoU_I] Best inctance avg mIOU is: 57.23644
2024-11-06 14:23:14,317 - ShapeNetPart - INFO - Epoch 27 (27/300):
2024-11-06 14:26:25,187 - ShapeNetPart - INFO - Train accuracy is: 86.92812
2024-11-06 14:26:25,187 - ShapeNetPart - INFO - Train loss: 0.35631
2024-11-06 14:26:25,187 - ShapeNetPart - INFO - lr: 0.000196
2024-11-06 14:27:20,294 - ShapeNetPart - INFO - eval mIoU of Car            54.403630
2024-11-06 14:27:20,295 - ShapeNetPart - INFO - Epoch 27 ETA: 10 days, 15:56:25 test Accuracy: 81.711914  Class avg mIOU: 54.403630  Inctance avg mIOU: 54.403630
2024-11-06 14:27:20,295 - ShapeNetPart - INFO - [Acc.] Best accuracy is: 86.32849
2024-11-06 14:27:20,295 - ShapeNetPart - INFO - [mIoU_C] Best class avg mIOU is: 57.23644
2024-11-06 14:27:20,295 - ShapeNetPart - INFO - [mIoU_I] Best inctance avg mIOU is: 57.23644
2024-11-06 14:27:20,295 - ShapeNetPart - INFO - Epoch 28 (28/300):
2024-11-06 14:30:25,725 - ShapeNetPart - INFO - Train accuracy is: 87.90020
2024-11-06 14:30:25,725 - ShapeNetPart - INFO - Train loss: 0.34155
2024-11-06 14:30:25,725 - ShapeNetPart - INFO - lr: 0.000196
2024-11-06 14:31:25,281 - ShapeNetPart - INFO - eval mIoU of Car            59.853341
2024-11-06 14:31:25,281 - ShapeNetPart - INFO - Epoch 28 ETA: 11 days, 0:08:54 test Accuracy: 85.997852  Class avg mIOU: 59.853341  Inctance avg mIOU: 59.853341
2024-11-06 14:31:25,281 - ShapeNetPart - INFO - Save model...
2024-11-06 14:31:25,281 - ShapeNetPart - INFO - Saving at log/part_seg/exp_v3/checkpoints/best_model.pth
2024-11-06 14:31:26,360 - ShapeNetPart - INFO - Saving model....
2024-11-06 14:31:26,360 - ShapeNetPart - INFO - [Acc.] Best accuracy is: 86.32849
2024-11-06 14:31:26,360 - ShapeNetPart - INFO - [mIoU_C] Best class avg mIOU is: 59.85334
2024-11-06 14:31:26,360 - ShapeNetPart - INFO - [mIoU_I] Best inctance avg mIOU is: 59.85334
2024-11-06 14:31:26,360 - ShapeNetPart - INFO - Epoch 29 (29/300):
2024-11-06 14:34:40,790 - ShapeNetPart - INFO - Train accuracy is: 88.74775
2024-11-06 14:34:40,791 - ShapeNetPart - INFO - Train loss: 0.31119
2024-11-06 14:34:40,791 - ShapeNetPart - INFO - lr: 0.000196
2024-11-06 14:35:40,280 - ShapeNetPart - INFO - eval mIoU of Car            62.695471
2024-11-06 14:35:40,281 - ShapeNetPart - INFO - Epoch 29 ETA: 11 days, 8:19:33 test Accuracy: 87.093468  Class avg mIOU: 62.695471  Inctance avg mIOU: 62.695471
2024-11-06 14:35:40,282 - ShapeNetPart - INFO - Save model...
2024-11-06 14:35:40,282 - ShapeNetPart - INFO - Saving at log/part_seg/exp_v3/checkpoints/best_model.pth
2024-11-06 14:35:41,432 - ShapeNetPart - INFO - Saving model....
2024-11-06 14:35:41,432 - ShapeNetPart - INFO - [Acc.] Best accuracy is: 87.09347
2024-11-06 14:35:41,432 - ShapeNetPart - INFO - [mIoU_C] Best class avg mIOU is: 62.69547
2024-11-06 14:35:41,433 - ShapeNetPart - INFO - [mIoU_I] Best inctance avg mIOU is: 62.69547
2024-11-06 14:35:41,433 - ShapeNetPart - INFO - Epoch 30 (30/300):
2024-11-06 14:38:49,979 - ShapeNetPart - INFO - Train accuracy is: 89.07184
2024-11-06 14:38:49,979 - ShapeNetPart - INFO - Train loss: 0.30521
2024-11-06 14:38:49,979 - ShapeNetPart - INFO - lr: 0.000195
2024-11-06 14:39:45,556 - ShapeNetPart - INFO - eval mIoU of Car            57.956492
2024-11-06 14:39:45,557 - ShapeNetPart - INFO - Epoch 30 ETA: 11 days, 16:26:39 test Accuracy: 82.980339  Class avg mIOU: 57.956492  Inctance avg mIOU: 57.956492
2024-11-06 14:39:45,557 - ShapeNetPart - INFO - [Acc.] Best accuracy is: 87.09347
2024-11-06 14:39:45,557 - ShapeNetPart - INFO - [mIoU_C] Best class avg mIOU is: 62.69547
2024-11-06 14:39:45,557 - ShapeNetPart - INFO - [mIoU_I] Best inctance avg mIOU is: 62.69547
2024-11-06 14:39:45,557 - ShapeNetPart - INFO - Epoch 31 (31/300):
2024-11-06 14:43:02,033 - ShapeNetPart - INFO - Train accuracy is: 89.04152
2024-11-06 14:43:02,034 - ShapeNetPart - INFO - Train loss: 0.29706
2024-11-06 14:43:02,034 - ShapeNetPart - INFO - lr: 0.000195
2024-11-06 14:43:56,269 - ShapeNetPart - INFO - eval mIoU of Car            60.781854
2024-11-06 14:43:56,270 - ShapeNetPart - INFO - Epoch 31 ETA: 12 days, 0:30:55 test Accuracy: 85.837630  Class avg mIOU: 60.781854  Inctance avg mIOU: 60.781854
2024-11-06 14:43:56,270 - ShapeNetPart - INFO - [Acc.] Best accuracy is: 87.09347
2024-11-06 14:43:56,270 - ShapeNetPart - INFO - [mIoU_C] Best class avg mIOU is: 62.69547
2024-11-06 14:43:56,270 - ShapeNetPart - INFO - [mIoU_I] Best inctance avg mIOU is: 62.69547
2024-11-06 14:43:56,270 - ShapeNetPart - INFO - Epoch 32 (32/300):
2024-11-06 14:47:01,018 - ShapeNetPart - INFO - Train accuracy is: 89.30658
2024-11-06 14:47:01,018 - ShapeNetPart - INFO - Train loss: 0.29135
2024-11-06 14:47:01,018 - ShapeNetPart - INFO - lr: 0.000195
2024-11-06 14:47:59,442 - ShapeNetPart - INFO - eval mIoU of Car            61.817997
2024-11-06 14:47:59,443 - ShapeNetPart - INFO - Epoch 32 ETA: 12 days, 8:31:12 test Accuracy: 85.837478  Class avg mIOU: 61.817997  Inctance avg mIOU: 61.817997
2024-11-06 14:47:59,443 - ShapeNetPart - INFO - [Acc.] Best accuracy is: 87.09347
2024-11-06 14:47:59,443 - ShapeNetPart - INFO - [mIoU_C] Best class avg mIOU is: 62.69547
2024-11-06 14:47:59,443 - ShapeNetPart - INFO - [mIoU_I] Best inctance avg mIOU is: 62.69547
2024-11-06 14:47:59,443 - ShapeNetPart - INFO - Epoch 33 (33/300):
2024-11-06 14:51:03,328 - ShapeNetPart - INFO - Train accuracy is: 87.72387
2024-11-06 14:51:03,329 - ShapeNetPart - INFO - Train loss: 0.34005
2024-11-06 14:51:03,329 - ShapeNetPart - INFO - lr: 0.000194
2024-11-06 14:51:58,067 - ShapeNetPart - INFO - eval mIoU of Car            58.177097
2024-11-06 14:51:58,068 - ShapeNetPart - INFO - Epoch 33 ETA: 12 days, 16:26:51 test Accuracy: 83.401172  Class avg mIOU: 58.177097  Inctance avg mIOU: 58.177097
2024-11-06 14:51:58,068 - ShapeNetPart - INFO - [Acc.] Best accuracy is: 87.09347
2024-11-06 14:51:58,068 - ShapeNetPart - INFO - [mIoU_C] Best class avg mIOU is: 62.69547
2024-11-06 14:51:58,068 - ShapeNetPart - INFO - [mIoU_I] Best inctance avg mIOU is: 62.69547
2024-11-06 14:51:58,068 - ShapeNetPart - INFO - Epoch 34 (34/300):
2024-11-06 14:55:06,451 - ShapeNetPart - INFO - Train accuracy is: 87.64519
2024-11-06 14:55:06,452 - ShapeNetPart - INFO - Train loss: 0.35032
2024-11-06 14:55:06,452 - ShapeNetPart - INFO - lr: 0.000194
2024-11-06 14:56:02,265 - ShapeNetPart - INFO - eval mIoU of Car            56.512406
2024-11-06 14:56:02,268 - ShapeNetPart - INFO - Epoch 34 ETA: 13 days, 0:18:41 test Accuracy: 83.568859  Class avg mIOU: 56.512406  Inctance avg mIOU: 56.512406
2024-11-06 14:56:02,268 - ShapeNetPart - INFO - [Acc.] Best accuracy is: 87.09347
2024-11-06 14:56:02,268 - ShapeNetPart - INFO - [mIoU_C] Best class avg mIOU is: 62.69547
2024-11-06 14:56:02,268 - ShapeNetPart - INFO - [mIoU_I] Best inctance avg mIOU is: 62.69547
2024-11-06 14:56:02,268 - ShapeNetPart - INFO - Epoch 35 (35/300):
2024-11-06 14:59:13,731 - ShapeNetPart - INFO - Train accuracy is: 89.00342
2024-11-06 14:59:13,732 - ShapeNetPart - INFO - Train loss: 0.30820
2024-11-06 14:59:13,732 - ShapeNetPart - INFO - lr: 0.000194
2024-11-06 15:00:08,268 - ShapeNetPart - INFO - eval mIoU of Car            61.823538
2024-11-06 15:00:08,268 - ShapeNetPart - INFO - Epoch 35 ETA: 13 days, 8:06:53 test Accuracy: 86.471680  Class avg mIOU: 61.823538  Inctance avg mIOU: 61.823538
2024-11-06 15:00:08,268 - ShapeNetPart - INFO - [Acc.] Best accuracy is: 87.09347
2024-11-06 15:00:08,268 - ShapeNetPart - INFO - [mIoU_C] Best class avg mIOU is: 62.69547
2024-11-06 15:00:08,268 - ShapeNetPart - INFO - [mIoU_I] Best inctance avg mIOU is: 62.69547
2024-11-06 15:00:08,268 - ShapeNetPart - INFO - Epoch 36 (36/300):
2024-11-06 15:03:18,318 - ShapeNetPart - INFO - Train accuracy is: 89.23637
2024-11-06 15:03:18,318 - ShapeNetPart - INFO - Train loss: 0.29321
2024-11-06 15:03:18,318 - ShapeNetPart - INFO - lr: 0.000193
2024-11-06 15:04:16,481 - ShapeNetPart - INFO - eval mIoU of Car            63.276114
2024-11-06 15:04:16,481 - ShapeNetPart - INFO - Epoch 36 ETA: 13 days, 15:51:41 test Accuracy: 87.665929  Class avg mIOU: 63.276114  Inctance avg mIOU: 63.276114
2024-11-06 15:04:16,482 - ShapeNetPart - INFO - Save model...
2024-11-06 15:04:16,482 - ShapeNetPart - INFO - Saving at log/part_seg/exp_v3/checkpoints/best_model.pth
2024-11-06 15:04:17,538 - ShapeNetPart - INFO - Saving model....
2024-11-06 15:04:17,538 - ShapeNetPart - INFO - [Acc.] Best accuracy is: 87.66593
2024-11-06 15:04:17,538 - ShapeNetPart - INFO - [mIoU_C] Best class avg mIOU is: 63.27611
2024-11-06 15:04:17,538 - ShapeNetPart - INFO - [mIoU_I] Best inctance avg mIOU is: 63.27611
2024-11-06 15:04:17,538 - ShapeNetPart - INFO - Epoch 37 (37/300):
2024-11-06 15:07:15,218 - ShapeNetPart - INFO - Train accuracy is: 88.92940
2024-11-06 15:07:15,219 - ShapeNetPart - INFO - Train loss: 0.29930
2024-11-06 15:07:15,219 - ShapeNetPart - INFO - lr: 0.000193
2024-11-06 15:08:15,358 - ShapeNetPart - INFO - eval mIoU of Car            62.198843
2024-11-06 15:08:15,358 - ShapeNetPart - INFO - Epoch 37 ETA: 13 days, 23:31:56 test Accuracy: 85.896984  Class avg mIOU: 62.198843  Inctance avg mIOU: 62.198843
2024-11-06 15:08:15,358 - ShapeNetPart - INFO - [Acc.] Best accuracy is: 87.66593
2024-11-06 15:08:15,358 - ShapeNetPart - INFO - [mIoU_C] Best class avg mIOU is: 63.27611
2024-11-06 15:08:15,358 - ShapeNetPart - INFO - [mIoU_I] Best inctance avg mIOU is: 63.27611
2024-11-06 15:08:15,358 - ShapeNetPart - INFO - Epoch 38 (38/300):
2024-11-06 15:11:07,037 - ShapeNetPart - INFO - Train accuracy is: 89.61920
2024-11-06 15:11:07,037 - ShapeNetPart - INFO - Train loss: 0.27870
2024-11-06 15:11:07,037 - ShapeNetPart - INFO - lr: 0.000193
2024-11-06 15:12:01,593 - ShapeNetPart - INFO - eval mIoU of Car            62.611182
2024-11-06 15:12:01,593 - ShapeNetPart - INFO - Epoch 38 ETA: 14 days, 7:06:12 test Accuracy: 86.832661  Class avg mIOU: 62.611182  Inctance avg mIOU: 62.611182
2024-11-06 15:12:01,594 - ShapeNetPart - INFO - [Acc.] Best accuracy is: 87.66593
2024-11-06 15:12:01,594 - ShapeNetPart - INFO - [mIoU_C] Best class avg mIOU is: 63.27611
2024-11-06 15:12:01,594 - ShapeNetPart - INFO - [mIoU_I] Best inctance avg mIOU is: 63.27611
2024-11-06 15:12:01,594 - ShapeNetPart - INFO - Epoch 39 (39/300):
2024-11-06 15:15:07,619 - ShapeNetPart - INFO - Train accuracy is: 88.67607
2024-11-06 15:15:07,619 - ShapeNetPart - INFO - Train loss: 0.31398
2024-11-06 15:15:07,619 - ShapeNetPart - INFO - lr: 0.000192
2024-11-06 15:16:06,750 - ShapeNetPart - INFO - eval mIoU of Car            58.736185
2024-11-06 15:16:06,751 - ShapeNetPart - INFO - Epoch 39 ETA: 14 days, 14:36:46 test Accuracy: 84.344032  Class avg mIOU: 58.736185  Inctance avg mIOU: 58.736185
2024-11-06 15:16:06,751 - ShapeNetPart - INFO - [Acc.] Best accuracy is: 87.66593
2024-11-06 15:16:06,751 - ShapeNetPart - INFO - [mIoU_C] Best class avg mIOU is: 63.27611
2024-11-06 15:16:06,751 - ShapeNetPart - INFO - [mIoU_I] Best inctance avg mIOU is: 63.27611
2024-11-06 15:16:06,751 - ShapeNetPart - INFO - Epoch 40 (40/300):
2024-11-06 15:19:15,996 - ShapeNetPart - INFO - Train accuracy is: 87.46114
2024-11-06 15:19:15,997 - ShapeNetPart - INFO - Train loss: 0.35019
2024-11-06 15:19:15,997 - ShapeNetPart - INFO - lr: 0.000192
2024-11-06 15:20:09,615 - ShapeNetPart - INFO - eval mIoU of Car            62.672667
2024-11-06 15:20:09,616 - ShapeNetPart - INFO - Epoch 40 ETA: 14 days, 22:03:23 test Accuracy: 84.964062  Class avg mIOU: 62.672667  Inctance avg mIOU: 62.672667
2024-11-06 15:20:09,616 - ShapeNetPart - INFO - [Acc.] Best accuracy is: 87.66593
2024-11-06 15:20:09,616 - ShapeNetPart - INFO - [mIoU_C] Best class avg mIOU is: 63.27611
2024-11-06 15:20:09,617 - ShapeNetPart - INFO - [mIoU_I] Best inctance avg mIOU is: 63.27611
2024-11-06 15:20:09,617 - ShapeNetPart - INFO - Epoch 41 (41/300):
2024-11-06 15:23:16,472 - ShapeNetPart - INFO - Train accuracy is: 87.44891
2024-11-06 15:23:16,472 - ShapeNetPart - INFO - Train loss: 0.34228
2024-11-06 15:23:16,472 - ShapeNetPart - INFO - lr: 0.000191
2024-11-06 15:24:15,120 - ShapeNetPart - INFO - eval mIoU of Car            59.555629
2024-11-06 15:24:15,121 - ShapeNetPart - INFO - Epoch 41 ETA: 15 days, 5:26:18 test Accuracy: 84.344488  Class avg mIOU: 59.555629  Inctance avg mIOU: 59.555629
2024-11-06 15:24:15,121 - ShapeNetPart - INFO - [Acc.] Best accuracy is: 87.66593
2024-11-06 15:24:15,121 - ShapeNetPart - INFO - [mIoU_C] Best class avg mIOU is: 63.27611
2024-11-06 15:24:15,121 - ShapeNetPart - INFO - [mIoU_I] Best inctance avg mIOU is: 63.27611
2024-11-06 15:24:15,121 - ShapeNetPart - INFO - Epoch 42 (42/300):
2024-11-06 15:27:19,362 - ShapeNetPart - INFO - Train accuracy is: 89.61527
2024-11-06 15:27:19,363 - ShapeNetPart - INFO - Train loss: 0.28742
2024-11-06 15:27:19,363 - ShapeNetPart - INFO - lr: 0.000191
2024-11-06 15:28:14,443 - ShapeNetPart - INFO - eval mIoU of Car            64.468717
2024-11-06 15:28:14,444 - ShapeNetPart - INFO - Epoch 42 ETA: 15 days, 12:44:51 test Accuracy: 86.133963  Class avg mIOU: 64.468717  Inctance avg mIOU: 64.468717
2024-11-06 15:28:14,444 - ShapeNetPart - INFO - Save model...
2024-11-06 15:28:14,444 - ShapeNetPart - INFO - Saving at log/part_seg/exp_v3/checkpoints/best_model.pth
2024-11-06 15:28:15,499 - ShapeNetPart - INFO - Saving model....
2024-11-06 15:28:15,499 - ShapeNetPart - INFO - [Acc.] Best accuracy is: 87.66593
2024-11-06 15:28:15,499 - ShapeNetPart - INFO - [mIoU_C] Best class avg mIOU is: 64.46872
2024-11-06 15:28:15,499 - ShapeNetPart - INFO - [mIoU_I] Best inctance avg mIOU is: 64.46872
2024-11-06 15:28:15,499 - ShapeNetPart - INFO - Epoch 43 (43/300):
2024-11-06 15:31:12,912 - ShapeNetPart - INFO - Train accuracy is: 89.88222
2024-11-06 15:31:12,912 - ShapeNetPart - INFO - Train loss: 0.27801
2024-11-06 15:31:12,912 - ShapeNetPart - INFO - lr: 0.000191
2024-11-06 15:32:11,238 - ShapeNetPart - INFO - eval mIoU of Car            62.703696
2024-11-06 15:32:11,239 - ShapeNetPart - INFO - Epoch 43 ETA: 15 days, 19:58:50 test Accuracy: 87.033225  Class avg mIOU: 62.703696  Inctance avg mIOU: 62.703696
2024-11-06 15:32:11,239 - ShapeNetPart - INFO - [Acc.] Best accuracy is: 87.66593
2024-11-06 15:32:11,240 - ShapeNetPart - INFO - [mIoU_C] Best class avg mIOU is: 64.46872
2024-11-06 15:32:11,240 - ShapeNetPart - INFO - [mIoU_I] Best inctance avg mIOU is: 64.46872
2024-11-06 15:32:11,240 - ShapeNetPart - INFO - Epoch 44 (44/300):
2024-11-06 15:35:16,284 - ShapeNetPart - INFO - Train accuracy is: 90.07610
2024-11-06 15:35:16,284 - ShapeNetPart - INFO - Train loss: 0.26865
2024-11-06 15:35:16,285 - ShapeNetPart - INFO - lr: 0.000190
2024-11-06 15:36:14,972 - ShapeNetPart - INFO - eval mIoU of Car            62.454635
2024-11-06 15:36:14,973 - ShapeNetPart - INFO - Epoch 44 ETA: 16 days, 3:08:56 test Accuracy: 86.732747  Class avg mIOU: 62.454635  Inctance avg mIOU: 62.454635
2024-11-06 15:36:14,973 - ShapeNetPart - INFO - [Acc.] Best accuracy is: 87.66593
2024-11-06 15:36:14,973 - ShapeNetPart - INFO - [mIoU_C] Best class avg mIOU is: 64.46872
2024-11-06 15:36:14,973 - ShapeNetPart - INFO - [mIoU_I] Best inctance avg mIOU is: 64.46872
2024-11-06 15:36:14,973 - ShapeNetPart - INFO - Epoch 45 (45/300):
2024-11-06 15:39:24,520 - ShapeNetPart - INFO - Train accuracy is: 89.85315
2024-11-06 15:39:24,520 - ShapeNetPart - INFO - Train loss: 0.27399
2024-11-06 15:39:24,520 - ShapeNetPart - INFO - lr: 0.000190
2024-11-06 15:40:21,755 - ShapeNetPart - INFO - eval mIoU of Car            61.435790
2024-11-06 15:40:21,756 - ShapeNetPart - INFO - Epoch 45 ETA: 16 days, 10:15:27 test Accuracy: 85.610916  Class avg mIOU: 61.435790  Inctance avg mIOU: 61.435790
2024-11-06 15:40:21,756 - ShapeNetPart - INFO - [Acc.] Best accuracy is: 87.66593
2024-11-06 15:40:21,756 - ShapeNetPart - INFO - [mIoU_C] Best class avg mIOU is: 64.46872
2024-11-06 15:40:21,756 - ShapeNetPart - INFO - [mIoU_I] Best inctance avg mIOU is: 64.46872
2024-11-06 15:40:21,756 - ShapeNetPart - INFO - Epoch 46 (46/300):
2024-11-06 15:43:22,030 - ShapeNetPart - INFO - Train accuracy is: 89.79022
2024-11-06 15:43:22,030 - ShapeNetPart - INFO - Train loss: 0.27407
2024-11-06 15:43:22,030 - ShapeNetPart - INFO - lr: 0.000189
2024-11-06 15:44:17,464 - ShapeNetPart - INFO - eval mIoU of Car            63.793469
2024-11-06 15:44:17,465 - ShapeNetPart - INFO - Epoch 46 ETA: 16 days, 17:17:20 test Accuracy: 87.435829  Class avg mIOU: 63.793469  Inctance avg mIOU: 63.793469
2024-11-06 15:44:17,465 - ShapeNetPart - INFO - [Acc.] Best accuracy is: 87.66593
2024-11-06 15:44:17,465 - ShapeNetPart - INFO - [mIoU_C] Best class avg mIOU is: 64.46872
2024-11-06 15:44:17,465 - ShapeNetPart - INFO - [mIoU_I] Best inctance avg mIOU is: 64.46872
2024-11-06 15:44:17,465 - ShapeNetPart - INFO - Epoch 47 (47/300):
2024-11-06 15:47:18,879 - ShapeNetPart - INFO - Train accuracy is: 90.68712
2024-11-06 15:47:18,879 - ShapeNetPart - INFO - Train loss: 0.24670
2024-11-06 15:47:18,879 - ShapeNetPart - INFO - lr: 0.000189
2024-11-06 15:48:15,500 - ShapeNetPart - INFO - eval mIoU of Car            63.309976
2024-11-06 15:48:15,501 - ShapeNetPart - INFO - Epoch 47 ETA: 17 days, 0:14:48 test Accuracy: 85.600586  Class avg mIOU: 63.309976  Inctance avg mIOU: 63.309976
2024-11-06 15:48:15,501 - ShapeNetPart - INFO - [Acc.] Best accuracy is: 87.66593
2024-11-06 15:48:15,501 - ShapeNetPart - INFO - [mIoU_C] Best class avg mIOU is: 64.46872
2024-11-06 15:48:15,501 - ShapeNetPart - INFO - [mIoU_I] Best inctance avg mIOU is: 64.46872
2024-11-06 15:48:15,501 - ShapeNetPart - INFO - Epoch 48 (48/300):
2024-11-06 15:51:22,410 - ShapeNetPart - INFO - Train accuracy is: 90.83944
2024-11-06 15:51:22,410 - ShapeNetPart - INFO - Train loss: 0.24564
2024-11-06 15:51:22,411 - ShapeNetPart - INFO - lr: 0.000188
2024-11-06 15:52:19,768 - ShapeNetPart - INFO - eval mIoU of Car            66.823357
2024-11-06 15:52:19,769 - ShapeNetPart - INFO - Epoch 48 ETA: 17 days, 7:08:28 test Accuracy: 86.990473  Class avg mIOU: 66.823357  Inctance avg mIOU: 66.823357
2024-11-06 15:52:19,769 - ShapeNetPart - INFO - Save model...
2024-11-06 15:52:19,769 - ShapeNetPart - INFO - Saving at log/part_seg/exp_v3/checkpoints/best_model.pth
2024-11-06 15:52:20,877 - ShapeNetPart - INFO - Saving model....
2024-11-06 15:52:20,878 - ShapeNetPart - INFO - [Acc.] Best accuracy is: 87.66593
2024-11-06 15:52:20,878 - ShapeNetPart - INFO - [mIoU_C] Best class avg mIOU is: 66.82336
2024-11-06 15:52:20,878 - ShapeNetPart - INFO - [mIoU_I] Best inctance avg mIOU is: 66.82336
2024-11-06 15:52:20,878 - ShapeNetPart - INFO - Epoch 49 (49/300):
2024-11-06 15:55:21,074 - ShapeNetPart - INFO - Train accuracy is: 90.05125
2024-11-06 15:55:21,074 - ShapeNetPart - INFO - Train loss: 0.26805
2024-11-06 15:55:21,074 - ShapeNetPart - INFO - lr: 0.000188
2024-11-06 15:56:15,315 - ShapeNetPart - INFO - eval mIoU of Car            66.139741
2024-11-06 15:56:15,315 - ShapeNetPart - INFO - Epoch 49 ETA: 17 days, 13:57:33 test Accuracy: 86.112847  Class avg mIOU: 66.139741  Inctance avg mIOU: 66.139741
2024-11-06 15:56:15,316 - ShapeNetPart - INFO - [Acc.] Best accuracy is: 87.66593
2024-11-06 15:56:15,316 - ShapeNetPart - INFO - [mIoU_C] Best class avg mIOU is: 66.82336
2024-11-06 15:56:15,316 - ShapeNetPart - INFO - [mIoU_I] Best inctance avg mIOU is: 66.82336
2024-11-06 15:56:15,316 - ShapeNetPart - INFO - Epoch 50 (50/300):
2024-11-06 15:59:23,436 - ShapeNetPart - INFO - Train accuracy is: 90.40225
2024-11-06 15:59:23,437 - ShapeNetPart - INFO - Train loss: 0.25347
2024-11-06 15:59:23,437 - ShapeNetPart - INFO - lr: 0.000187
2024-11-06 16:00:21,429 - ShapeNetPart - INFO - eval mIoU of Car            64.535346
2024-11-06 16:00:21,430 - ShapeNetPart - INFO - Epoch 50 ETA: 17 days, 20:42:58 test Accuracy: 87.365885  Class avg mIOU: 64.535346  Inctance avg mIOU: 64.535346
2024-11-06 16:00:21,430 - ShapeNetPart - INFO - [Acc.] Best accuracy is: 87.66593
2024-11-06 16:00:21,430 - ShapeNetPart - INFO - [mIoU_C] Best class avg mIOU is: 66.82336
2024-11-06 16:00:21,430 - ShapeNetPart - INFO - [mIoU_I] Best inctance avg mIOU is: 66.82336
2024-11-06 16:00:21,430 - ShapeNetPart - INFO - Epoch 51 (51/300):
2024-11-06 16:03:27,685 - ShapeNetPart - INFO - Train accuracy is: 90.07829
2024-11-06 16:03:27,687 - ShapeNetPart - INFO - Train loss: 0.26584
2024-11-06 16:03:27,687 - ShapeNetPart - INFO - lr: 0.000187
2024-11-06 16:04:24,925 - ShapeNetPart - INFO - eval mIoU of Car            64.238155
2024-11-06 16:04:24,926 - ShapeNetPart - INFO - Epoch 51 ETA: 18 days, 3:24:30 test Accuracy: 87.184375  Class avg mIOU: 64.238155  Inctance avg mIOU: 64.238155
2024-11-06 16:04:24,926 - ShapeNetPart - INFO - [Acc.] Best accuracy is: 87.66593
2024-11-06 16:04:24,926 - ShapeNetPart - INFO - [mIoU_C] Best class avg mIOU is: 66.82336
2024-11-06 16:04:24,926 - ShapeNetPart - INFO - [mIoU_I] Best inctance avg mIOU is: 66.82336
2024-11-06 16:04:24,926 - ShapeNetPart - INFO - Epoch 52 (52/300):
2024-11-06 16:07:33,294 - ShapeNetPart - INFO - Train accuracy is: 90.34780
2024-11-06 16:07:33,295 - ShapeNetPart - INFO - Train loss: 0.25557
2024-11-06 16:07:33,295 - ShapeNetPart - INFO - lr: 0.000186
2024-11-06 16:08:33,778 - ShapeNetPart - INFO - eval mIoU of Car            63.560466
2024-11-06 16:08:33,778 - ShapeNetPart - INFO - Epoch 52 ETA: 18 days, 10:02:33 test Accuracy: 86.699457  Class avg mIOU: 63.560466  Inctance avg mIOU: 63.560466
2024-11-06 16:08:33,778 - ShapeNetPart - INFO - [Acc.] Best accuracy is: 87.66593
2024-11-06 16:08:33,778 - ShapeNetPart - INFO - [mIoU_C] Best class avg mIOU is: 66.82336
2024-11-06 16:08:33,778 - ShapeNetPart - INFO - [mIoU_I] Best inctance avg mIOU is: 66.82336
2024-11-06 16:08:33,778 - ShapeNetPart - INFO - Epoch 53 (53/300):
2024-11-06 16:11:42,547 - ShapeNetPart - INFO - Train accuracy is: 89.35836
2024-11-06 16:11:42,547 - ShapeNetPart - INFO - Train loss: 0.29511
2024-11-06 16:11:42,547 - ShapeNetPart - INFO - lr: 0.000186
2024-11-06 16:12:41,599 - ShapeNetPart - INFO - eval mIoU of Car            53.065780
2024-11-06 16:12:41,600 - ShapeNetPart - INFO - Epoch 53 ETA: 18 days, 16:37:00 test Accuracy: 83.430990  Class avg mIOU: 53.065780  Inctance avg mIOU: 53.065780
2024-11-06 16:12:41,600 - ShapeNetPart - INFO - [Acc.] Best accuracy is: 87.66593
2024-11-06 16:12:41,600 - ShapeNetPart - INFO - [mIoU_C] Best class avg mIOU is: 66.82336
2024-11-06 16:12:41,600 - ShapeNetPart - INFO - [mIoU_I] Best inctance avg mIOU is: 66.82336
2024-11-06 16:12:41,600 - ShapeNetPart - INFO - Epoch 54 (54/300):
2024-11-06 16:15:38,274 - ShapeNetPart - INFO - Train accuracy is: 89.14846
2024-11-06 16:15:38,274 - ShapeNetPart - INFO - Train loss: 0.29061
2024-11-06 16:15:38,274 - ShapeNetPart - INFO - lr: 0.000185
2024-11-06 16:16:35,223 - ShapeNetPart - INFO - eval mIoU of Car            62.086346
2024-11-06 16:16:35,224 - ShapeNetPart - INFO - Epoch 54 ETA: 18 days, 23:06:44 test Accuracy: 84.449978  Class avg mIOU: 62.086346  Inctance avg mIOU: 62.086346
2024-11-06 16:16:35,224 - ShapeNetPart - INFO - [Acc.] Best accuracy is: 87.66593
2024-11-06 16:16:35,224 - ShapeNetPart - INFO - [mIoU_C] Best class avg mIOU is: 66.82336
2024-11-06 16:16:35,225 - ShapeNetPart - INFO - [mIoU_I] Best inctance avg mIOU is: 66.82336
2024-11-06 16:16:35,225 - ShapeNetPart - INFO - Epoch 55 (55/300):
2024-11-06 16:19:33,934 - ShapeNetPart - INFO - Train accuracy is: 89.02054
2024-11-06 16:19:33,935 - ShapeNetPart - INFO - Train loss: 0.31447
2024-11-06 16:19:33,935 - ShapeNetPart - INFO - lr: 0.000185
2024-11-06 16:20:28,993 - ShapeNetPart - INFO - eval mIoU of Car            66.090972
2024-11-06 16:20:28,993 - ShapeNetPart - INFO - Epoch 55 ETA: 19 days, 5:31:49 test Accuracy: 87.091059  Class avg mIOU: 66.090972  Inctance avg mIOU: 66.090972
2024-11-06 16:20:28,993 - ShapeNetPart - INFO - [Acc.] Best accuracy is: 87.66593
2024-11-06 16:20:28,993 - ShapeNetPart - INFO - [mIoU_C] Best class avg mIOU is: 66.82336
2024-11-06 16:20:28,993 - ShapeNetPart - INFO - [mIoU_I] Best inctance avg mIOU is: 66.82336
2024-11-06 16:20:28,993 - ShapeNetPart - INFO - Epoch 56 (56/300):
2024-11-06 16:23:29,809 - ShapeNetPart - INFO - Train accuracy is: 91.02005
2024-11-06 16:23:29,810 - ShapeNetPart - INFO - Train loss: 0.23894
2024-11-06 16:23:29,810 - ShapeNetPart - INFO - lr: 0.000184
2024-11-06 16:24:28,511 - ShapeNetPart - INFO - eval mIoU of Car            65.117747
2024-11-06 16:24:28,511 - ShapeNetPart - INFO - Epoch 56 ETA: 19 days, 11:52:43 test Accuracy: 87.194944  Class avg mIOU: 65.117747  Inctance avg mIOU: 65.117747
2024-11-06 16:24:28,511 - ShapeNetPart - INFO - [Acc.] Best accuracy is: 87.66593
2024-11-06 16:24:28,511 - ShapeNetPart - INFO - [mIoU_C] Best class avg mIOU is: 66.82336
2024-11-06 16:24:28,511 - ShapeNetPart - INFO - [mIoU_I] Best inctance avg mIOU is: 66.82336
2024-11-06 16:24:28,511 - ShapeNetPart - INFO - Epoch 57 (57/300):
2024-11-06 16:27:29,499 - ShapeNetPart - INFO - Train accuracy is: 90.70718
2024-11-06 16:27:29,500 - ShapeNetPart - INFO - Train loss: 0.24728
2024-11-06 16:27:29,500 - ShapeNetPart - INFO - lr: 0.000183
2024-11-06 16:28:25,487 - ShapeNetPart - INFO - eval mIoU of Car            66.649717
2024-11-06 16:28:25,488 - ShapeNetPart - INFO - Epoch 57 ETA: 19 days, 18:09:15 test Accuracy: 87.471289  Class avg mIOU: 66.649717  Inctance avg mIOU: 66.649717
2024-11-06 16:28:25,488 - ShapeNetPart - INFO - [Acc.] Best accuracy is: 87.66593
2024-11-06 16:28:25,488 - ShapeNetPart - INFO - [mIoU_C] Best class avg mIOU is: 66.82336
2024-11-06 16:28:25,488 - ShapeNetPart - INFO - [mIoU_I] Best inctance avg mIOU is: 66.82336
2024-11-06 16:28:25,488 - ShapeNetPart - INFO - Epoch 58 (58/300):
2024-11-06 16:31:39,694 - ShapeNetPart - INFO - Train accuracy is: 90.74204
2024-11-06 16:31:39,695 - ShapeNetPart - INFO - Train loss: 0.24658
2024-11-06 16:31:39,695 - ShapeNetPart - INFO - lr: 0.000183
2024-11-06 16:32:33,654 - ShapeNetPart - INFO - eval mIoU of Car            64.326996
2024-11-06 16:32:33,654 - ShapeNetPart - INFO - Epoch 58 ETA: 20 days, 0:22:13 test Accuracy: 87.391949  Class avg mIOU: 64.326996  Inctance avg mIOU: 64.326996
2024-11-06 16:32:33,654 - ShapeNetPart - INFO - [Acc.] Best accuracy is: 87.66593
2024-11-06 16:32:33,654 - ShapeNetPart - INFO - [mIoU_C] Best class avg mIOU is: 66.82336
2024-11-06 16:32:33,654 - ShapeNetPart - INFO - [mIoU_I] Best inctance avg mIOU is: 66.82336
2024-11-06 16:32:33,654 - ShapeNetPart - INFO - Epoch 59 (59/300):
2024-11-06 16:35:42,512 - ShapeNetPart - INFO - Train accuracy is: 90.77428
2024-11-06 16:35:42,512 - ShapeNetPart - INFO - Train loss: 0.24500
2024-11-06 16:35:42,513 - ShapeNetPart - INFO - lr: 0.000182
2024-11-06 16:36:37,918 - ShapeNetPart - INFO - eval mIoU of Car            64.423438
2024-11-06 16:36:37,919 - ShapeNetPart - INFO - Epoch 59 ETA: 20 days, 6:31:19 test Accuracy: 85.505924  Class avg mIOU: 64.423438  Inctance avg mIOU: 64.423438
2024-11-06 16:36:37,919 - ShapeNetPart - INFO - [Acc.] Best accuracy is: 87.66593
2024-11-06 16:36:37,919 - ShapeNetPart - INFO - [mIoU_C] Best class avg mIOU is: 66.82336
2024-11-06 16:36:37,919 - ShapeNetPart - INFO - [mIoU_I] Best inctance avg mIOU is: 66.82336
2024-11-06 16:36:37,919 - ShapeNetPart - INFO - Epoch 60 (60/300):
2024-11-06 16:39:38,300 - ShapeNetPart - INFO - Train accuracy is: 90.36150
2024-11-06 16:39:38,301 - ShapeNetPart - INFO - Train loss: 0.25049
2024-11-06 16:39:38,301 - ShapeNetPart - INFO - lr: 0.000182
2024-11-06 16:40:35,242 - ShapeNetPart - INFO - eval mIoU of Car            60.910870
2024-11-06 16:40:35,242 - ShapeNetPart - INFO - Epoch 60 ETA: 20 days, 12:36:05 test Accuracy: 82.863216  Class avg mIOU: 60.910870  Inctance avg mIOU: 60.910870
2024-11-06 16:40:35,243 - ShapeNetPart - INFO - [Acc.] Best accuracy is: 87.66593
2024-11-06 16:40:35,243 - ShapeNetPart - INFO - [mIoU_C] Best class avg mIOU is: 66.82336
2024-11-06 16:40:35,243 - ShapeNetPart - INFO - [mIoU_I] Best inctance avg mIOU is: 66.82336
2024-11-06 16:40:35,243 - ShapeNetPart - INFO - Epoch 61 (61/300):
2024-11-06 16:43:40,659 - ShapeNetPart - INFO - Train accuracy is: 88.74487
2024-11-06 16:43:40,660 - ShapeNetPart - INFO - Train loss: 0.30883
2024-11-06 16:43:40,660 - ShapeNetPart - INFO - lr: 0.000181
2024-11-06 16:44:37,718 - ShapeNetPart - INFO - eval mIoU of Car            57.541328
2024-11-06 16:44:37,719 - ShapeNetPart - INFO - Epoch 61 ETA: 20 days, 18:36:53 test Accuracy: 78.766385  Class avg mIOU: 57.541328  Inctance avg mIOU: 57.541328
2024-11-06 16:44:37,719 - ShapeNetPart - INFO - [Acc.] Best accuracy is: 87.66593
2024-11-06 16:44:37,719 - ShapeNetPart - INFO - [mIoU_C] Best class avg mIOU is: 66.82336
2024-11-06 16:44:37,719 - ShapeNetPart - INFO - [mIoU_I] Best inctance avg mIOU is: 66.82336
2024-11-06 16:44:37,719 - ShapeNetPart - INFO - Epoch 62 (62/300):
2024-11-06 16:47:49,148 - ShapeNetPart - INFO - Train accuracy is: 90.22463
2024-11-06 16:47:49,149 - ShapeNetPart - INFO - Train loss: 0.26787
2024-11-06 16:47:49,149 - ShapeNetPart - INFO - lr: 0.000180
2024-11-06 16:48:43,890 - ShapeNetPart - INFO - eval mIoU of Car            60.254369
2024-11-06 16:48:43,890 - ShapeNetPart - INFO - Epoch 62 ETA: 21 days, 0:33:57 test Accuracy: 84.915104  Class avg mIOU: 60.254369  Inctance avg mIOU: 60.254369
2024-11-06 16:48:43,891 - ShapeNetPart - INFO - [Acc.] Best accuracy is: 87.66593
2024-11-06 16:48:43,891 - ShapeNetPart - INFO - [mIoU_C] Best class avg mIOU is: 66.82336
2024-11-06 16:48:43,891 - ShapeNetPart - INFO - [mIoU_I] Best inctance avg mIOU is: 66.82336
2024-11-06 16:48:43,891 - ShapeNetPart - INFO - Epoch 63 (63/300):
2024-11-06 16:51:50,821 - ShapeNetPart - INFO - Train accuracy is: 90.66333
2024-11-06 16:51:50,821 - ShapeNetPart - INFO - Train loss: 0.24913
2024-11-06 16:51:50,821 - ShapeNetPart - INFO - lr: 0.000180
2024-11-06 16:52:46,736 - ShapeNetPart - INFO - eval mIoU of Car            65.810911
2024-11-06 16:52:46,737 - ShapeNetPart - INFO - Epoch 63 ETA: 21 days, 6:27:02 test Accuracy: 87.083702  Class avg mIOU: 65.810911  Inctance avg mIOU: 65.810911
2024-11-06 16:52:46,737 - ShapeNetPart - INFO - [Acc.] Best accuracy is: 87.66593
2024-11-06 16:52:46,737 - ShapeNetPart - INFO - [mIoU_C] Best class avg mIOU is: 66.82336
2024-11-06 16:52:46,737 - ShapeNetPart - INFO - [mIoU_I] Best inctance avg mIOU is: 66.82336
2024-11-06 16:52:46,737 - ShapeNetPart - INFO - Epoch 64 (64/300):
2024-11-06 16:55:52,889 - ShapeNetPart - INFO - Train accuracy is: 88.15941
2024-11-06 16:55:52,890 - ShapeNetPart - INFO - Train loss: 0.32398
2024-11-06 16:55:52,890 - ShapeNetPart - INFO - lr: 0.000179
2024-11-06 16:56:47,078 - ShapeNetPart - INFO - eval mIoU of Car            56.694311
2024-11-06 16:56:47,079 - ShapeNetPart - INFO - Epoch 64 ETA: 21 days, 12:15:59 test Accuracy: 81.904666  Class avg mIOU: 56.694311  Inctance avg mIOU: 56.694311
2024-11-06 16:56:47,079 - ShapeNetPart - INFO - [Acc.] Best accuracy is: 87.66593
2024-11-06 16:56:47,079 - ShapeNetPart - INFO - [mIoU_C] Best class avg mIOU is: 66.82336
2024-11-06 16:56:47,079 - ShapeNetPart - INFO - [mIoU_I] Best inctance avg mIOU is: 66.82336
2024-11-06 16:56:47,079 - ShapeNetPart - INFO - Epoch 65 (65/300):
2024-11-06 16:59:48,908 - ShapeNetPart - INFO - Train accuracy is: 89.64140
2024-11-06 16:59:48,909 - ShapeNetPart - INFO - Train loss: 0.27137
2024-11-06 16:59:48,909 - ShapeNetPart - INFO - lr: 0.000178
2024-11-06 17:00:43,038 - ShapeNetPart - INFO - eval mIoU of Car            64.773460
2024-11-06 17:00:43,039 - ShapeNetPart - INFO - Epoch 65 ETA: 21 days, 18:00:33 test Accuracy: 87.022396  Class avg mIOU: 64.773460  Inctance avg mIOU: 64.773460
2024-11-06 17:00:43,039 - ShapeNetPart - INFO - [Acc.] Best accuracy is: 87.66593
2024-11-06 17:00:43,039 - ShapeNetPart - INFO - [mIoU_C] Best class avg mIOU is: 66.82336
2024-11-06 17:00:43,039 - ShapeNetPart - INFO - [mIoU_I] Best inctance avg mIOU is: 66.82336
2024-11-06 17:00:43,039 - ShapeNetPart - INFO - Epoch 66 (66/300):
2024-11-06 17:03:57,611 - ShapeNetPart - INFO - Train accuracy is: 90.65561
2024-11-06 17:03:57,611 - ShapeNetPart - INFO - Train loss: 0.24754
2024-11-06 17:03:57,612 - ShapeNetPart - INFO - lr: 0.000178
2024-11-06 17:04:51,851 - ShapeNetPart - INFO - eval mIoU of Car            64.990201
2024-11-06 17:04:51,852 - ShapeNetPart - INFO - Epoch 66 ETA: 21 days, 23:41:32 test Accuracy: 85.354253  Class avg mIOU: 64.990201  Inctance avg mIOU: 64.990201
2024-11-06 17:04:51,852 - ShapeNetPart - INFO - [Acc.] Best accuracy is: 87.66593
2024-11-06 17:04:51,852 - ShapeNetPart - INFO - [mIoU_C] Best class avg mIOU is: 66.82336
2024-11-06 17:04:51,852 - ShapeNetPart - INFO - [mIoU_I] Best inctance avg mIOU is: 66.82336
2024-11-06 17:04:51,852 - ShapeNetPart - INFO - Epoch 67 (67/300):
2024-11-06 17:07:47,348 - ShapeNetPart - INFO - Train accuracy is: 90.50957
2024-11-06 17:07:47,349 - ShapeNetPart - INFO - Train loss: 0.24898
2024-11-06 17:07:47,349 - ShapeNetPart - INFO - lr: 0.000177
2024-11-06 17:08:44,466 - ShapeNetPart - INFO - eval mIoU of Car            63.731002
2024-11-06 17:08:44,467 - ShapeNetPart - INFO - Epoch 67 ETA: 22 days, 5:17:55 test Accuracy: 83.196050  Class avg mIOU: 63.731002  Inctance avg mIOU: 63.731002
2024-11-06 17:08:44,467 - ShapeNetPart - INFO - [Acc.] Best accuracy is: 87.66593
2024-11-06 17:08:44,467 - ShapeNetPart - INFO - [mIoU_C] Best class avg mIOU is: 66.82336
2024-11-06 17:08:44,467 - ShapeNetPart - INFO - [mIoU_I] Best inctance avg mIOU is: 66.82336
2024-11-06 17:08:44,467 - ShapeNetPart - INFO - Epoch 68 (68/300):
2024-11-06 17:11:56,802 - ShapeNetPart - INFO - Train accuracy is: 90.85528
2024-11-06 17:11:56,802 - ShapeNetPart - INFO - Train loss: 0.23670
2024-11-06 17:11:56,802 - ShapeNetPart - INFO - lr: 0.000176
2024-11-06 17:12:53,763 - ShapeNetPart - INFO - eval mIoU of Car            65.075241
2024-11-06 17:12:53,764 - ShapeNetPart - INFO - Epoch 68 ETA: 22 days, 10:50:44 test Accuracy: 86.144249  Class avg mIOU: 65.075241  Inctance avg mIOU: 65.075241
2024-11-06 17:12:53,764 - ShapeNetPart - INFO - [Acc.] Best accuracy is: 87.66593
2024-11-06 17:12:53,764 - ShapeNetPart - INFO - [mIoU_C] Best class avg mIOU is: 66.82336
2024-11-06 17:12:53,764 - ShapeNetPart - INFO - [mIoU_I] Best inctance avg mIOU is: 66.82336
2024-11-06 17:12:53,764 - ShapeNetPart - INFO - Epoch 69 (69/300):
2024-11-06 17:16:10,162 - ShapeNetPart - INFO - Train accuracy is: 91.07400
2024-11-06 17:16:10,162 - ShapeNetPart - INFO - Train loss: 0.23410
2024-11-06 17:16:10,162 - ShapeNetPart - INFO - lr: 0.000176
2024-11-06 17:17:05,025 - ShapeNetPart - INFO - eval mIoU of Car            66.566445
2024-11-06 17:17:05,026 - ShapeNetPart - INFO - Epoch 69 ETA: 22 days, 16:20:03 test Accuracy: 86.373481  Class avg mIOU: 66.566445  Inctance avg mIOU: 66.566445
2024-11-06 17:17:05,026 - ShapeNetPart - INFO - [Acc.] Best accuracy is: 87.66593
2024-11-06 17:17:05,026 - ShapeNetPart - INFO - [mIoU_C] Best class avg mIOU is: 66.82336
2024-11-06 17:17:05,026 - ShapeNetPart - INFO - [mIoU_I] Best inctance avg mIOU is: 66.82336
2024-11-06 17:17:05,026 - ShapeNetPart - INFO - Epoch 70 (70/300):
2024-11-06 17:20:05,195 - ShapeNetPart - INFO - Train accuracy is: 91.02951
2024-11-06 17:20:05,196 - ShapeNetPart - INFO - Train loss: 0.23625
2024-11-06 17:20:05,196 - ShapeNetPart - INFO - lr: 0.000175
2024-11-06 17:21:04,549 - ShapeNetPart - INFO - eval mIoU of Car            66.408292
2024-11-06 17:21:04,550 - ShapeNetPart - INFO - Epoch 70 ETA: 22 days, 21:45:10 test Accuracy: 88.323112  Class avg mIOU: 66.408292  Inctance avg mIOU: 66.408292
2024-11-06 17:21:04,550 - ShapeNetPart - INFO - [Acc.] Best accuracy is: 88.32311
2024-11-06 17:21:04,550 - ShapeNetPart - INFO - [mIoU_C] Best class avg mIOU is: 66.82336
2024-11-06 17:21:04,550 - ShapeNetPart - INFO - [mIoU_I] Best inctance avg mIOU is: 66.82336
2024-11-06 17:21:04,550 - ShapeNetPart - INFO - Epoch 71 (71/300):
2024-11-06 17:24:10,882 - ShapeNetPart - INFO - Train accuracy is: 91.29230
2024-11-06 17:24:10,883 - ShapeNetPart - INFO - Train loss: 0.22830
2024-11-06 17:24:10,884 - ShapeNetPart - INFO - lr: 0.000174
2024-11-06 17:25:07,574 - ShapeNetPart - INFO - eval mIoU of Car            66.524888
2024-11-06 17:25:07,575 - ShapeNetPart - INFO - Epoch 71 ETA: 23 days, 3:06:19 test Accuracy: 87.985352  Class avg mIOU: 66.524888  Inctance avg mIOU: 66.524888
2024-11-06 17:25:07,575 - ShapeNetPart - INFO - [Acc.] Best accuracy is: 88.32311
2024-11-06 17:25:07,575 - ShapeNetPart - INFO - [mIoU_C] Best class avg mIOU is: 66.82336
2024-11-06 17:25:07,576 - ShapeNetPart - INFO - [mIoU_I] Best inctance avg mIOU is: 66.82336
2024-11-06 17:25:07,576 - ShapeNetPart - INFO - Epoch 72 (72/300):
2024-11-06 17:28:13,439 - ShapeNetPart - INFO - Train accuracy is: 91.35030
2024-11-06 17:28:13,439 - ShapeNetPart - INFO - Train loss: 0.22572
2024-11-06 17:28:13,440 - ShapeNetPart - INFO - lr: 0.000174
2024-11-06 17:29:08,252 - ShapeNetPart - INFO - eval mIoU of Car            68.039309
2024-11-06 17:29:08,253 - ShapeNetPart - INFO - Epoch 72 ETA: 23 days, 8:23:22 test Accuracy: 87.227474  Class avg mIOU: 68.039309  Inctance avg mIOU: 68.039309
2024-11-06 17:29:08,254 - ShapeNetPart - INFO - Save model...
2024-11-06 17:29:08,254 - ShapeNetPart - INFO - Saving at log/part_seg/exp_v3/checkpoints/best_model.pth
2024-11-06 17:29:09,378 - ShapeNetPart - INFO - Saving model....
2024-11-06 17:29:09,379 - ShapeNetPart - INFO - [Acc.] Best accuracy is: 88.32311
2024-11-06 17:29:09,379 - ShapeNetPart - INFO - [mIoU_C] Best class avg mIOU is: 68.03931
2024-11-06 17:29:09,379 - ShapeNetPart - INFO - [mIoU_I] Best inctance avg mIOU is: 68.03931
2024-11-06 17:29:09,379 - ShapeNetPart - INFO - Epoch 73 (73/300):
2024-11-06 17:32:11,752 - ShapeNetPart - INFO - Train accuracy is: 91.23153
2024-11-06 17:32:11,753 - ShapeNetPart - INFO - Train loss: 0.22857
2024-11-06 17:32:11,753 - ShapeNetPart - INFO - lr: 0.000173
2024-11-06 17:33:09,220 - ShapeNetPart - INFO - eval mIoU of Car            61.046664
2024-11-06 17:33:09,221 - ShapeNetPart - INFO - Epoch 73 ETA: 23 days, 13:36:19 test Accuracy: 84.193793  Class avg mIOU: 61.046664  Inctance avg mIOU: 61.046664
2024-11-06 17:33:09,221 - ShapeNetPart - INFO - [Acc.] Best accuracy is: 88.32311
2024-11-06 17:33:09,221 - ShapeNetPart - INFO - [mIoU_C] Best class avg mIOU is: 68.03931
2024-11-06 17:33:09,221 - ShapeNetPart - INFO - [mIoU_I] Best inctance avg mIOU is: 68.03931
2024-11-06 17:33:09,222 - ShapeNetPart - INFO - Epoch 74 (74/300):
2024-11-06 17:36:06,630 - ShapeNetPart - INFO - Train accuracy is: 90.94693
2024-11-06 17:36:06,630 - ShapeNetPart - INFO - Train loss: 0.23828
2024-11-06 17:36:06,630 - ShapeNetPart - INFO - lr: 0.000172
2024-11-06 17:37:02,207 - ShapeNetPart - INFO - eval mIoU of Car            67.013802
2024-11-06 17:37:02,207 - ShapeNetPart - INFO - Epoch 74 ETA: 23 days, 18:44:47 test Accuracy: 87.214106  Class avg mIOU: 67.013802  Inctance avg mIOU: 67.013802
2024-11-06 17:37:02,207 - ShapeNetPart - INFO - [Acc.] Best accuracy is: 88.32311
2024-11-06 17:37:02,207 - ShapeNetPart - INFO - [mIoU_C] Best class avg mIOU is: 68.03931
2024-11-06 17:37:02,207 - ShapeNetPart - INFO - [mIoU_I] Best inctance avg mIOU is: 68.03931
2024-11-06 17:37:02,207 - ShapeNetPart - INFO - Epoch 75 (75/300):
2024-11-06 17:40:04,399 - ShapeNetPart - INFO - Train accuracy is: 91.33429
2024-11-06 17:40:04,399 - ShapeNetPart - INFO - Train loss: 0.22893
2024-11-06 17:40:04,399 - ShapeNetPart - INFO - lr: 0.000172
2024-11-06 17:40:59,606 - ShapeNetPart - INFO - eval mIoU of Car            65.985867
2024-11-06 17:40:59,607 - ShapeNetPart - INFO - Epoch 75 ETA: 23 days, 23:49:00 test Accuracy: 87.434570  Class avg mIOU: 65.985867  Inctance avg mIOU: 65.985867
2024-11-06 17:40:59,607 - ShapeNetPart - INFO - [Acc.] Best accuracy is: 88.32311
2024-11-06 17:40:59,607 - ShapeNetPart - INFO - [mIoU_C] Best class avg mIOU is: 68.03931
2024-11-06 17:40:59,607 - ShapeNetPart - INFO - [mIoU_I] Best inctance avg mIOU is: 68.03931
2024-11-06 17:40:59,608 - ShapeNetPart - INFO - Epoch 76 (76/300):
2024-11-06 17:44:00,529 - ShapeNetPart - INFO - Train accuracy is: 91.89054
2024-11-06 17:44:00,529 - ShapeNetPart - INFO - Train loss: 0.21359
2024-11-06 17:44:00,529 - ShapeNetPart - INFO - lr: 0.000171
2024-11-06 17:44:58,306 - ShapeNetPart - INFO - eval mIoU of Car            67.931511
2024-11-06 17:44:58,307 - ShapeNetPart - INFO - Epoch 76 ETA: 24 days, 4:49:02 test Accuracy: 87.651541  Class avg mIOU: 67.931511  Inctance avg mIOU: 67.931511
2024-11-06 17:44:58,307 - ShapeNetPart - INFO - [Acc.] Best accuracy is: 88.32311
2024-11-06 17:44:58,307 - ShapeNetPart - INFO - [mIoU_C] Best class avg mIOU is: 68.03931
2024-11-06 17:44:58,307 - ShapeNetPart - INFO - [mIoU_I] Best inctance avg mIOU is: 68.03931
2024-11-06 17:44:58,307 - ShapeNetPart - INFO - Epoch 77 (77/300):
2024-11-06 17:47:54,050 - ShapeNetPart - INFO - Train accuracy is: 91.40573
2024-11-06 17:47:54,052 - ShapeNetPart - INFO - Train loss: 0.22160
2024-11-06 17:47:54,052 - ShapeNetPart - INFO - lr: 0.000170
2024-11-06 17:48:51,488 - ShapeNetPart - INFO - eval mIoU of Car            68.820817
2024-11-06 17:48:51,489 - ShapeNetPart - INFO - Epoch 77 ETA: 24 days, 9:44:39 test Accuracy: 88.734440  Class avg mIOU: 68.820817  Inctance avg mIOU: 68.820817
2024-11-06 17:48:51,489 - ShapeNetPart - INFO - Save model...
2024-11-06 17:48:51,490 - ShapeNetPart - INFO - Saving at log/part_seg/exp_v3/checkpoints/best_model.pth
2024-11-06 17:48:52,627 - ShapeNetPart - INFO - Saving model....
2024-11-06 17:48:52,627 - ShapeNetPart - INFO - [Acc.] Best accuracy is: 88.73444
2024-11-06 17:48:52,627 - ShapeNetPart - INFO - [mIoU_C] Best class avg mIOU is: 68.82082
2024-11-06 17:48:52,627 - ShapeNetPart - INFO - [mIoU_I] Best inctance avg mIOU is: 68.82082
2024-11-06 17:48:52,627 - ShapeNetPart - INFO - Epoch 78 (78/300):
2024-11-06 17:51:57,534 - ShapeNetPart - INFO - Train accuracy is: 91.94347
2024-11-06 17:51:57,535 - ShapeNetPart - INFO - Train loss: 0.21088
2024-11-06 17:51:57,535 - ShapeNetPart - INFO - lr: 0.000169
2024-11-06 17:52:54,823 - ShapeNetPart - INFO - eval mIoU of Car            63.482562
2024-11-06 17:52:54,824 - ShapeNetPart - INFO - Epoch 78 ETA: 24 days, 14:36:20 test Accuracy: 86.472873  Class avg mIOU: 63.482562  Inctance avg mIOU: 63.482562
2024-11-06 17:52:54,824 - ShapeNetPart - INFO - [Acc.] Best accuracy is: 88.73444
2024-11-06 17:52:54,824 - ShapeNetPart - INFO - [mIoU_C] Best class avg mIOU is: 68.82082
2024-11-06 17:52:54,824 - ShapeNetPart - INFO - [mIoU_I] Best inctance avg mIOU is: 68.82082
2024-11-06 17:52:54,824 - ShapeNetPart - INFO - Epoch 79 (79/300):
2024-11-06 17:56:02,631 - ShapeNetPart - INFO - Train accuracy is: 90.67073
2024-11-06 17:56:02,632 - ShapeNetPart - INFO - Train loss: 0.24771
2024-11-06 17:56:02,632 - ShapeNetPart - INFO - lr: 0.000169
2024-11-06 17:56:58,725 - ShapeNetPart - INFO - eval mIoU of Car            65.679184
2024-11-06 17:56:58,726 - ShapeNetPart - INFO - Epoch 79 ETA: 24 days, 19:24:07 test Accuracy: 87.420443  Class avg mIOU: 65.679184  Inctance avg mIOU: 65.679184
2024-11-06 17:56:58,726 - ShapeNetPart - INFO - [Acc.] Best accuracy is: 88.73444
2024-11-06 17:56:58,726 - ShapeNetPart - INFO - [mIoU_C] Best class avg mIOU is: 68.82082
2024-11-06 17:56:58,726 - ShapeNetPart - INFO - [mIoU_I] Best inctance avg mIOU is: 68.82082
2024-11-06 17:56:58,726 - ShapeNetPart - INFO - Epoch 80 (80/300):
2024-11-06 18:00:02,775 - ShapeNetPart - INFO - Train accuracy is: 91.40368
2024-11-06 18:00:02,776 - ShapeNetPart - INFO - Train loss: 0.22621
2024-11-06 18:00:02,776 - ShapeNetPart - INFO - lr: 0.000168
2024-11-06 18:00:58,734 - ShapeNetPart - INFO - eval mIoU of Car            64.988696
2024-11-06 18:00:58,735 - ShapeNetPart - INFO - Epoch 80 ETA: 25 days, 0:07:48 test Accuracy: 86.841710  Class avg mIOU: 64.988696  Inctance avg mIOU: 64.988696
2024-11-06 18:00:58,735 - ShapeNetPart - INFO - [Acc.] Best accuracy is: 88.73444
2024-11-06 18:00:58,735 - ShapeNetPart - INFO - [mIoU_C] Best class avg mIOU is: 68.82082
2024-11-06 18:00:58,735 - ShapeNetPart - INFO - [mIoU_I] Best inctance avg mIOU is: 68.82082
2024-11-06 18:00:58,735 - ShapeNetPart - INFO - Epoch 81 (81/300):
2024-11-06 18:04:10,532 - ShapeNetPart - INFO - Train accuracy is: 91.61660
2024-11-06 18:04:10,533 - ShapeNetPart - INFO - Train loss: 0.21704
2024-11-06 18:04:10,533 - ShapeNetPart - INFO - lr: 0.000167
2024-11-06 18:05:11,703 - ShapeNetPart - INFO - eval mIoU of Car            68.093340
2024-11-06 18:05:11,706 - ShapeNetPart - INFO - Epoch 81 ETA: 25 days, 4:47:59 test Accuracy: 86.697917  Class avg mIOU: 68.093340  Inctance avg mIOU: 68.093340
2024-11-06 18:05:11,706 - ShapeNetPart - INFO - [Acc.] Best accuracy is: 88.73444
2024-11-06 18:05:11,706 - ShapeNetPart - INFO - [mIoU_C] Best class avg mIOU is: 68.82082
2024-11-06 18:05:11,706 - ShapeNetPart - INFO - [mIoU_I] Best inctance avg mIOU is: 68.82082
2024-11-06 18:05:11,707 - ShapeNetPart - INFO - Epoch 82 (82/300):
2024-11-06 18:08:27,661 - ShapeNetPart - INFO - Train accuracy is: 92.14074
2024-11-06 18:08:27,662 - ShapeNetPart - INFO - Train loss: 0.20805
2024-11-06 18:08:27,662 - ShapeNetPart - INFO - lr: 0.000166
2024-11-06 18:09:26,696 - ShapeNetPart - INFO - eval mIoU of Car            70.402568
2024-11-06 18:09:26,696 - ShapeNetPart - INFO - Epoch 82 ETA: 25 days, 9:24:44 test Accuracy: 88.156814  Class avg mIOU: 70.402568  Inctance avg mIOU: 70.402568
2024-11-06 18:09:26,696 - ShapeNetPart - INFO - Save model...
2024-11-06 18:09:26,696 - ShapeNetPart - INFO - Saving at log/part_seg/exp_v3/checkpoints/best_model.pth
2024-11-06 18:09:27,732 - ShapeNetPart - INFO - Saving model....
2024-11-06 18:09:27,733 - ShapeNetPart - INFO - [Acc.] Best accuracy is: 88.73444
2024-11-06 18:09:27,733 - ShapeNetPart - INFO - [mIoU_C] Best class avg mIOU is: 70.40257
2024-11-06 18:09:27,733 - ShapeNetPart - INFO - [mIoU_I] Best inctance avg mIOU is: 70.40257
2024-11-06 18:09:27,733 - ShapeNetPart - INFO - Epoch 83 (83/300):
2024-11-06 18:12:30,510 - ShapeNetPart - INFO - Train accuracy is: 92.09719
2024-11-06 18:12:30,510 - ShapeNetPart - INFO - Train loss: 0.20482
2024-11-06 18:12:30,510 - ShapeNetPart - INFO - lr: 0.000166
2024-11-06 18:13:29,276 - ShapeNetPart - INFO - eval mIoU of Car            69.582117
2024-11-06 18:13:29,277 - ShapeNetPart - INFO - Epoch 83 ETA: 25 days, 13:57:29 test Accuracy: 88.695898  Class avg mIOU: 69.582117  Inctance avg mIOU: 69.582117
2024-11-06 18:13:29,277 - ShapeNetPart - INFO - [Acc.] Best accuracy is: 88.73444
2024-11-06 18:13:29,277 - ShapeNetPart - INFO - [mIoU_C] Best class avg mIOU is: 70.40257
2024-11-06 18:13:29,277 - ShapeNetPart - INFO - [mIoU_I] Best inctance avg mIOU is: 70.40257
2024-11-06 18:13:29,277 - ShapeNetPart - INFO - Epoch 84 (84/300):
2024-11-06 18:16:31,240 - ShapeNetPart - INFO - Train accuracy is: 91.42753
2024-11-06 18:16:31,240 - ShapeNetPart - INFO - Train loss: 0.22112
2024-11-06 18:16:31,240 - ShapeNetPart - INFO - lr: 0.000165
2024-11-06 18:17:26,967 - ShapeNetPart - INFO - eval mIoU of Car            67.623902
2024-11-06 18:17:26,968 - ShapeNetPart - INFO - Epoch 84 ETA: 25 days, 18:26:00 test Accuracy: 87.294271  Class avg mIOU: 67.623902  Inctance avg mIOU: 67.623902
2024-11-06 18:17:26,969 - ShapeNetPart - INFO - [Acc.] Best accuracy is: 88.73444
2024-11-06 18:17:26,969 - ShapeNetPart - INFO - [mIoU_C] Best class avg mIOU is: 70.40257
2024-11-06 18:17:26,969 - ShapeNetPart - INFO - [mIoU_I] Best inctance avg mIOU is: 70.40257
2024-11-06 18:17:26,969 - ShapeNetPart - INFO - Epoch 85 (85/300):
2024-11-06 18:20:48,629 - ShapeNetPart - INFO - Train accuracy is: 91.76622
2024-11-06 18:20:48,630 - ShapeNetPart - INFO - Train loss: 0.21042
2024-11-06 18:20:48,630 - ShapeNetPart - INFO - lr: 0.000164
2024-11-06 18:21:43,964 - ShapeNetPart - INFO - eval mIoU of Car            65.384119
2024-11-06 18:21:43,965 - ShapeNetPart - INFO - Epoch 85 ETA: 25 days, 22:51:07 test Accuracy: 86.944119  Class avg mIOU: 65.384119  Inctance avg mIOU: 65.384119
2024-11-06 18:21:43,965 - ShapeNetPart - INFO - [Acc.] Best accuracy is: 88.73444
2024-11-06 18:21:43,965 - ShapeNetPart - INFO - [mIoU_C] Best class avg mIOU is: 70.40257
2024-11-06 18:21:43,965 - ShapeNetPart - INFO - [mIoU_I] Best inctance avg mIOU is: 70.40257
2024-11-06 18:21:43,965 - ShapeNetPart - INFO - Epoch 86 (86/300):
2024-11-06 18:24:41,759 - ShapeNetPart - INFO - Train accuracy is: 90.53598
2024-11-06 18:24:41,760 - ShapeNetPart - INFO - Train loss: 0.24800
2024-11-06 18:24:41,760 - ShapeNetPart - INFO - lr: 0.000163
2024-11-06 18:25:38,011 - ShapeNetPart - INFO - eval mIoU of Car            64.843128
2024-11-06 18:25:38,011 - ShapeNetPart - INFO - Epoch 86 ETA: 26 days, 3:11:52 test Accuracy: 86.438194  Class avg mIOU: 64.843128  Inctance avg mIOU: 64.843128
2024-11-06 18:25:38,012 - ShapeNetPart - INFO - [Acc.] Best accuracy is: 88.73444
2024-11-06 18:25:38,012 - ShapeNetPart - INFO - [mIoU_C] Best class avg mIOU is: 70.40257
2024-11-06 18:25:38,012 - ShapeNetPart - INFO - [mIoU_I] Best inctance avg mIOU is: 70.40257
2024-11-06 18:25:38,012 - ShapeNetPart - INFO - Epoch 87 (87/300):
2024-11-06 18:28:48,177 - ShapeNetPart - INFO - Train accuracy is: 91.24154
2024-11-06 18:28:48,178 - ShapeNetPart - INFO - Train loss: 0.22809
2024-11-06 18:28:48,178 - ShapeNetPart - INFO - lr: 0.000162
2024-11-06 18:29:42,992 - ShapeNetPart - INFO - eval mIoU of Car            67.401547
2024-11-06 18:29:42,994 - ShapeNetPart - INFO - Epoch 87 ETA: 26 days, 7:28:42 test Accuracy: 87.835091  Class avg mIOU: 67.401547  Inctance avg mIOU: 67.401547
2024-11-06 18:29:42,994 - ShapeNetPart - INFO - [Acc.] Best accuracy is: 88.73444
2024-11-06 18:29:42,994 - ShapeNetPart - INFO - [mIoU_C] Best class avg mIOU is: 70.40257
2024-11-06 18:29:42,994 - ShapeNetPart - INFO - [mIoU_I] Best inctance avg mIOU is: 70.40257
2024-11-06 18:29:42,994 - ShapeNetPart - INFO - Epoch 88 (88/300):
2024-11-06 18:32:42,654 - ShapeNetPart - INFO - Train accuracy is: 90.85504
2024-11-06 18:32:42,655 - ShapeNetPart - INFO - Train loss: 0.23018
2024-11-06 18:32:42,655 - ShapeNetPart - INFO - lr: 0.000161
2024-11-06 18:33:38,309 - ShapeNetPart - INFO - eval mIoU of Car            68.213053
2024-11-06 18:33:38,309 - ShapeNetPart - INFO - Epoch 88 ETA: 26 days, 11:41:13 test Accuracy: 87.748980  Class avg mIOU: 68.213053  Inctance avg mIOU: 68.213053
2024-11-06 18:33:38,309 - ShapeNetPart - INFO - [Acc.] Best accuracy is: 88.73444
2024-11-06 18:33:38,310 - ShapeNetPart - INFO - [mIoU_C] Best class avg mIOU is: 70.40257
2024-11-06 18:33:38,310 - ShapeNetPart - INFO - [mIoU_I] Best inctance avg mIOU is: 70.40257
2024-11-06 18:33:38,310 - ShapeNetPart - INFO - Epoch 89 (89/300):
2024-11-06 18:36:39,327 - ShapeNetPart - INFO - Train accuracy is: 91.75744
2024-11-06 18:36:39,328 - ShapeNetPart - INFO - Train loss: 0.21274
2024-11-06 18:36:39,328 - ShapeNetPart - INFO - lr: 0.000161
2024-11-06 18:37:36,230 - ShapeNetPart - INFO - eval mIoU of Car            67.133534
2024-11-06 18:37:36,231 - ShapeNetPart - INFO - Epoch 89 ETA: 26 days, 15:49:32 test Accuracy: 87.858181  Class avg mIOU: 67.133534  Inctance avg mIOU: 67.133534
2024-11-06 18:37:36,231 - ShapeNetPart - INFO - [Acc.] Best accuracy is: 88.73444
2024-11-06 18:37:36,231 - ShapeNetPart - INFO - [mIoU_C] Best class avg mIOU is: 70.40257
2024-11-06 18:37:36,231 - ShapeNetPart - INFO - [mIoU_I] Best inctance avg mIOU is: 70.40257
2024-11-06 18:37:36,231 - ShapeNetPart - INFO - Epoch 90 (90/300):
2024-11-06 18:40:41,161 - ShapeNetPart - INFO - Train accuracy is: 89.14379
2024-11-06 18:40:41,162 - ShapeNetPart - INFO - Train loss: 0.31021
2024-11-06 18:40:41,162 - ShapeNetPart - INFO - lr: 0.000160
2024-11-06 18:41:35,606 - ShapeNetPart - INFO - eval mIoU of Car            65.947847
2024-11-06 18:41:35,607 - ShapeNetPart - INFO - Epoch 90 ETA: 26 days, 19:53:43 test Accuracy: 88.007096  Class avg mIOU: 65.947847  Inctance avg mIOU: 65.947847
2024-11-06 18:41:35,607 - ShapeNetPart - INFO - [Acc.] Best accuracy is: 88.73444
2024-11-06 18:41:35,607 - ShapeNetPart - INFO - [mIoU_C] Best class avg mIOU is: 70.40257
2024-11-06 18:41:35,607 - ShapeNetPart - INFO - [mIoU_I] Best inctance avg mIOU is: 70.40257
2024-11-06 18:41:35,607 - ShapeNetPart - INFO - Epoch 91 (91/300):
2024-11-06 18:44:41,916 - ShapeNetPart - INFO - Train accuracy is: 92.19856
2024-11-06 18:44:41,917 - ShapeNetPart - INFO - Train loss: 0.20427
2024-11-06 18:44:41,917 - ShapeNetPart - INFO - lr: 0.000159
2024-11-06 18:45:43,233 - ShapeNetPart - INFO - eval mIoU of Car            67.496551
2024-11-06 18:45:43,234 - ShapeNetPart - INFO - Epoch 91 ETA: 26 days, 23:54:06 test Accuracy: 88.624045  Class avg mIOU: 67.496551  Inctance avg mIOU: 67.496551
2024-11-06 18:45:43,234 - ShapeNetPart - INFO - [Acc.] Best accuracy is: 88.73444
2024-11-06 18:45:43,234 - ShapeNetPart - INFO - [mIoU_C] Best class avg mIOU is: 70.40257
2024-11-06 18:45:43,234 - ShapeNetPart - INFO - [mIoU_I] Best inctance avg mIOU is: 70.40257
2024-11-06 18:45:43,234 - ShapeNetPart - INFO - Epoch 92 (92/300):
2024-11-06 18:48:52,572 - ShapeNetPart - INFO - Train accuracy is: 92.31982
2024-11-06 18:48:52,573 - ShapeNetPart - INFO - Train loss: 0.19796
2024-11-06 18:48:52,573 - ShapeNetPart - INFO - lr: 0.000158
2024-11-06 18:49:52,017 - ShapeNetPart - INFO - eval mIoU of Car            68.657025
2024-11-06 18:49:52,018 - ShapeNetPart - INFO - Epoch 92 ETA: 27 days, 3:50:42 test Accuracy: 87.384570  Class avg mIOU: 68.657025  Inctance avg mIOU: 68.657025
2024-11-06 18:49:52,018 - ShapeNetPart - INFO - [Acc.] Best accuracy is: 88.73444
2024-11-06 18:49:52,018 - ShapeNetPart - INFO - [mIoU_C] Best class avg mIOU is: 70.40257
2024-11-06 18:49:52,018 - ShapeNetPart - INFO - [mIoU_I] Best inctance avg mIOU is: 70.40257
2024-11-06 18:49:52,018 - ShapeNetPart - INFO - Epoch 93 (93/300):
2024-11-06 18:52:56,651 - ShapeNetPart - INFO - Train accuracy is: 91.62122
2024-11-06 18:52:56,652 - ShapeNetPart - INFO - Train loss: 0.21979
2024-11-06 18:52:56,652 - ShapeNetPart - INFO - lr: 0.000157
2024-11-06 18:53:52,369 - ShapeNetPart - INFO - eval mIoU of Car            68.986759
2024-11-06 18:53:52,370 - ShapeNetPart - INFO - Epoch 93 ETA: 27 days, 7:43:12 test Accuracy: 88.720161  Class avg mIOU: 68.986759  Inctance avg mIOU: 68.986759
2024-11-06 18:53:52,370 - ShapeNetPart - INFO - [Acc.] Best accuracy is: 88.73444
2024-11-06 18:53:52,370 - ShapeNetPart - INFO - [mIoU_C] Best class avg mIOU is: 70.40257
2024-11-06 18:53:52,370 - ShapeNetPart - INFO - [mIoU_I] Best inctance avg mIOU is: 70.40257
2024-11-06 18:53:52,370 - ShapeNetPart - INFO - Epoch 94 (94/300):
2024-11-06 18:56:52,524 - ShapeNetPart - INFO - Train accuracy is: 92.10094
2024-11-06 18:56:52,524 - ShapeNetPart - INFO - Train loss: 0.20630
2024-11-06 18:56:52,524 - ShapeNetPart - INFO - lr: 0.000156
2024-11-06 18:57:48,731 - ShapeNetPart - INFO - eval mIoU of Car            65.021519
2024-11-06 18:57:48,732 - ShapeNetPart - INFO - Epoch 94 ETA: 27 days, 11:31:27 test Accuracy: 86.757921  Class avg mIOU: 65.021519  Inctance avg mIOU: 65.021519
2024-11-06 18:57:48,732 - ShapeNetPart - INFO - [Acc.] Best accuracy is: 88.73444
2024-11-06 18:57:48,732 - ShapeNetPart - INFO - [mIoU_C] Best class avg mIOU is: 70.40257
2024-11-06 18:57:48,732 - ShapeNetPart - INFO - [mIoU_I] Best inctance avg mIOU is: 70.40257
2024-11-06 18:57:48,732 - ShapeNetPart - INFO - Epoch 95 (95/300):
2024-11-06 19:00:52,620 - ShapeNetPart - INFO - Train accuracy is: 91.43862
2024-11-06 19:00:52,620 - ShapeNetPart - INFO - Train loss: 0.22015
2024-11-06 19:00:52,621 - ShapeNetPart - INFO - lr: 0.000156
2024-11-06 19:01:48,862 - ShapeNetPart - INFO - eval mIoU of Car            68.957605
2024-11-06 19:01:48,863 - ShapeNetPart - INFO - Epoch 95 ETA: 27 days, 15:15:37 test Accuracy: 88.058594  Class avg mIOU: 68.957605  Inctance avg mIOU: 68.957605
2024-11-06 19:01:48,863 - ShapeNetPart - INFO - [Acc.] Best accuracy is: 88.73444
2024-11-06 19:01:48,863 - ShapeNetPart - INFO - [mIoU_C] Best class avg mIOU is: 70.40257
2024-11-06 19:01:48,863 - ShapeNetPart - INFO - [mIoU_I] Best inctance avg mIOU is: 70.40257
2024-11-06 19:01:48,863 - ShapeNetPart - INFO - Epoch 96 (96/300):
2024-11-06 19:05:00,243 - ShapeNetPart - INFO - Train accuracy is: 92.50726
2024-11-06 19:05:00,244 - ShapeNetPart - INFO - Train loss: 0.19335
2024-11-06 19:05:00,244 - ShapeNetPart - INFO - lr: 0.000155
2024-11-06 19:05:55,370 - ShapeNetPart - INFO - eval mIoU of Car            70.947299
2024-11-06 19:05:55,371 - ShapeNetPart - INFO - Epoch 96 ETA: 27 days, 18:55:54 test Accuracy: 89.362457  Class avg mIOU: 70.947299  Inctance avg mIOU: 70.947299
2024-11-06 19:05:55,371 - ShapeNetPart - INFO - Save model...
2024-11-06 19:05:55,371 - ShapeNetPart - INFO - Saving at log/part_seg/exp_v3/checkpoints/best_model.pth
2024-11-06 19:05:56,595 - ShapeNetPart - INFO - Saving model....
2024-11-06 19:05:56,595 - ShapeNetPart - INFO - [Acc.] Best accuracy is: 89.36246
2024-11-06 19:05:56,595 - ShapeNetPart - INFO - [mIoU_C] Best class avg mIOU is: 70.94730
2024-11-06 19:05:56,595 - ShapeNetPart - INFO - [mIoU_I] Best inctance avg mIOU is: 70.94730
2024-11-06 19:05:56,596 - ShapeNetPart - INFO - Epoch 97 (97/300):
2024-11-06 19:09:03,684 - ShapeNetPart - INFO - Train accuracy is: 92.53425
2024-11-06 19:09:03,684 - ShapeNetPart - INFO - Train loss: 0.19262
2024-11-06 19:09:03,685 - ShapeNetPart - INFO - lr: 0.000154
2024-11-06 19:09:58,266 - ShapeNetPart - INFO - eval mIoU of Car            70.097536
2024-11-06 19:09:58,267 - ShapeNetPart - INFO - Epoch 97 ETA: 27 days, 22:32:11 test Accuracy: 88.808594  Class avg mIOU: 70.097536  Inctance avg mIOU: 70.097536
2024-11-06 19:09:58,267 - ShapeNetPart - INFO - [Acc.] Best accuracy is: 89.36246
2024-11-06 19:09:58,268 - ShapeNetPart - INFO - [mIoU_C] Best class avg mIOU is: 70.94730
2024-11-06 19:09:58,268 - ShapeNetPart - INFO - [mIoU_I] Best inctance avg mIOU is: 70.94730
2024-11-06 19:09:58,268 - ShapeNetPart - INFO - Epoch 98 (98/300):
2024-11-06 19:13:12,047 - ShapeNetPart - INFO - Train accuracy is: 92.92383
2024-11-06 19:13:12,048 - ShapeNetPart - INFO - Train loss: 0.18306
2024-11-06 19:13:12,048 - ShapeNetPart - INFO - lr: 0.000153
2024-11-06 19:14:07,721 - ShapeNetPart - INFO - eval mIoU of Car            69.169961
2024-11-06 19:14:07,721 - ShapeNetPart - INFO - Epoch 98 ETA: 28 days, 2:04:41 test Accuracy: 89.721549  Class avg mIOU: 69.169961  Inctance avg mIOU: 69.169961
2024-11-06 19:14:07,721 - ShapeNetPart - INFO - [Acc.] Best accuracy is: 89.72155
2024-11-06 19:14:07,721 - ShapeNetPart - INFO - [mIoU_C] Best class avg mIOU is: 70.94730
2024-11-06 19:14:07,721 - ShapeNetPart - INFO - [mIoU_I] Best inctance avg mIOU is: 70.94730
2024-11-06 19:14:07,721 - ShapeNetPart - INFO - Epoch 99 (99/300):
2024-11-06 19:17:11,334 - ShapeNetPart - INFO - Train accuracy is: 92.03847
2024-11-06 19:17:11,335 - ShapeNetPart - INFO - Train loss: 0.20455
2024-11-06 19:17:11,335 - ShapeNetPart - INFO - lr: 0.000152
2024-11-06 19:18:11,230 - ShapeNetPart - INFO - eval mIoU of Car            69.356568
2024-11-06 19:18:11,231 - ShapeNetPart - INFO - Epoch 99 ETA: 28 days, 5:33:12 test Accuracy: 89.558659  Class avg mIOU: 69.356568  Inctance avg mIOU: 69.356568
2024-11-06 19:18:11,231 - ShapeNetPart - INFO - [Acc.] Best accuracy is: 89.72155
2024-11-06 19:18:11,231 - ShapeNetPart - INFO - [mIoU_C] Best class avg mIOU is: 70.94730
2024-11-06 19:18:11,231 - ShapeNetPart - INFO - [mIoU_I] Best inctance avg mIOU is: 70.94730
2024-11-06 19:18:11,232 - ShapeNetPart - INFO - Epoch 100 (100/300):
2024-11-06 19:21:20,903 - ShapeNetPart - INFO - Train accuracy is: 92.83073
2024-11-06 19:21:20,904 - ShapeNetPart - INFO - Train loss: 0.18210
2024-11-06 19:21:20,904 - ShapeNetPart - INFO - lr: 0.000151
2024-11-06 19:22:18,732 - ShapeNetPart - INFO - eval mIoU of Car            71.141405
2024-11-06 19:22:18,733 - ShapeNetPart - INFO - Epoch 100 ETA: 28 days, 8:57:51 test Accuracy: 89.019553  Class avg mIOU: 71.141405  Inctance avg mIOU: 71.141405
2024-11-06 19:22:18,733 - ShapeNetPart - INFO - Save model...
2024-11-06 19:22:18,733 - ShapeNetPart - INFO - Saving at log/part_seg/exp_v3/checkpoints/best_model.pth
2024-11-06 19:22:19,913 - ShapeNetPart - INFO - Saving model....
2024-11-06 19:22:19,913 - ShapeNetPart - INFO - [Acc.] Best accuracy is: 89.72155
2024-11-06 19:22:19,913 - ShapeNetPart - INFO - [mIoU_C] Best class avg mIOU is: 71.14140
2024-11-06 19:22:19,914 - ShapeNetPart - INFO - [mIoU_I] Best inctance avg mIOU is: 71.14140
2024-11-06 19:22:19,914 - ShapeNetPart - INFO - Epoch 101 (101/300):
2024-11-06 19:25:17,078 - ShapeNetPart - INFO - Train accuracy is: 91.88918
2024-11-06 19:25:17,079 - ShapeNetPart - INFO - Train loss: 0.21187
2024-11-06 19:25:17,079 - ShapeNetPart - INFO - lr: 0.000150
2024-11-06 19:26:12,475 - ShapeNetPart - INFO - eval mIoU of Car            63.991876
2024-11-06 19:26:12,476 - ShapeNetPart - INFO - Epoch 101 ETA: 28 days, 12:18:11 test Accuracy: 85.699067  Class avg mIOU: 63.991876  Inctance avg mIOU: 63.991876
2024-11-06 19:26:12,477 - ShapeNetPart - INFO - [Acc.] Best accuracy is: 89.72155
2024-11-06 19:26:12,477 - ShapeNetPart - INFO - [mIoU_C] Best class avg mIOU is: 71.14140
2024-11-06 19:26:12,477 - ShapeNetPart - INFO - [mIoU_I] Best inctance avg mIOU is: 71.14140
2024-11-06 19:26:12,478 - ShapeNetPart - INFO - Epoch 102 (102/300):
2024-11-06 19:29:07,168 - ShapeNetPart - INFO - Train accuracy is: 92.53878
2024-11-06 19:29:07,168 - ShapeNetPart - INFO - Train loss: 0.19241
2024-11-06 19:29:07,169 - ShapeNetPart - INFO - lr: 0.000149
2024-11-06 19:30:02,102 - ShapeNetPart - INFO - eval mIoU of Car            70.684850
2024-11-06 19:30:02,103 - ShapeNetPart - INFO - Epoch 102 ETA: 28 days, 15:34:04 test Accuracy: 88.286003  Class avg mIOU: 70.684850  Inctance avg mIOU: 70.684850
2024-11-06 19:30:02,103 - ShapeNetPart - INFO - [Acc.] Best accuracy is: 89.72155
2024-11-06 19:30:02,103 - ShapeNetPart - INFO - [mIoU_C] Best class avg mIOU is: 71.14140
2024-11-06 19:30:02,103 - ShapeNetPart - INFO - [mIoU_I] Best inctance avg mIOU is: 71.14140
2024-11-06 19:30:02,103 - ShapeNetPart - INFO - Epoch 103 (103/300):
2024-11-06 19:33:11,373 - ShapeNetPart - INFO - Train accuracy is: 92.37781
2024-11-06 19:33:11,374 - ShapeNetPart - INFO - Train loss: 0.19533
2024-11-06 19:33:11,374 - ShapeNetPart - INFO - lr: 0.000148
2024-11-06 19:34:07,629 - ShapeNetPart - INFO - eval mIoU of Car            70.094471
2024-11-06 19:34:07,630 - ShapeNetPart - INFO - Epoch 103 ETA: 28 days, 18:46:02 test Accuracy: 89.776997  Class avg mIOU: 70.094471  Inctance avg mIOU: 70.094471
2024-11-06 19:34:07,630 - ShapeNetPart - INFO - [Acc.] Best accuracy is: 89.77700
2024-11-06 19:34:07,630 - ShapeNetPart - INFO - [mIoU_C] Best class avg mIOU is: 71.14140
2024-11-06 19:34:07,630 - ShapeNetPart - INFO - [mIoU_I] Best inctance avg mIOU is: 71.14140
2024-11-06 19:34:07,630 - ShapeNetPart - INFO - Epoch 104 (104/300):
2024-11-06 19:37:16,953 - ShapeNetPart - INFO - Train accuracy is: 93.02344
2024-11-06 19:37:16,954 - ShapeNetPart - INFO - Train loss: 0.17817
2024-11-06 19:37:16,954 - ShapeNetPart - INFO - lr: 0.000148
2024-11-06 19:38:12,139 - ShapeNetPart - INFO - eval mIoU of Car            71.919908
2024-11-06 19:38:12,139 - ShapeNetPart - INFO - Epoch 104 ETA: 28 days, 21:54:03 test Accuracy: 91.427409  Class avg mIOU: 71.919908  Inctance avg mIOU: 71.919908
2024-11-06 19:38:12,140 - ShapeNetPart - INFO - Save model...
2024-11-06 19:38:12,140 - ShapeNetPart - INFO - Saving at log/part_seg/exp_v3/checkpoints/best_model.pth
2024-11-06 19:38:13,200 - ShapeNetPart - INFO - Saving model....
2024-11-06 19:38:13,200 - ShapeNetPart - INFO - [Acc.] Best accuracy is: 91.42741
2024-11-06 19:38:13,200 - ShapeNetPart - INFO - [mIoU_C] Best class avg mIOU is: 71.91991
2024-11-06 19:38:13,200 - ShapeNetPart - INFO - [mIoU_I] Best inctance avg mIOU is: 71.91991
2024-11-06 19:38:13,200 - ShapeNetPart - INFO - Epoch 105 (105/300):
2024-11-06 19:41:07,931 - ShapeNetPart - INFO - Train accuracy is: 93.12476
2024-11-06 19:41:07,932 - ShapeNetPart - INFO - Train loss: 0.17858
2024-11-06 19:41:07,932 - ShapeNetPart - INFO - lr: 0.000147
2024-11-06 19:42:11,040 - ShapeNetPart - INFO - eval mIoU of Car            66.694494
2024-11-06 19:42:11,041 - ShapeNetPart - INFO - Epoch 105 ETA: 29 days, 0:57:56 test Accuracy: 87.536089  Class avg mIOU: 66.694494  Inctance avg mIOU: 66.694494
2024-11-06 19:42:11,041 - ShapeNetPart - INFO - [Acc.] Best accuracy is: 91.42741
2024-11-06 19:42:11,041 - ShapeNetPart - INFO - [mIoU_C] Best class avg mIOU is: 71.91991
2024-11-06 19:42:11,041 - ShapeNetPart - INFO - [mIoU_I] Best inctance avg mIOU is: 71.91991
2024-11-06 19:42:11,041 - ShapeNetPart - INFO - Epoch 106 (106/300):
2024-11-06 19:45:12,034 - ShapeNetPart - INFO - Train accuracy is: 92.50153
2024-11-06 19:45:12,034 - ShapeNetPart - INFO - Train loss: 0.19537
2024-11-06 19:45:12,034 - ShapeNetPart - INFO - lr: 0.000146
2024-11-06 19:46:07,296 - ShapeNetPart - INFO - eval mIoU of Car            70.279308
2024-11-06 19:46:07,297 - ShapeNetPart - INFO - Epoch 106 ETA: 29 days, 3:57:37 test Accuracy: 89.085981  Class avg mIOU: 70.279308  Inctance avg mIOU: 70.279308
2024-11-06 19:46:07,297 - ShapeNetPart - INFO - [Acc.] Best accuracy is: 91.42741
2024-11-06 19:46:07,297 - ShapeNetPart - INFO - [mIoU_C] Best class avg mIOU is: 71.91991
2024-11-06 19:46:07,297 - ShapeNetPart - INFO - [mIoU_I] Best inctance avg mIOU is: 71.91991
2024-11-06 19:46:07,297 - ShapeNetPart - INFO - Epoch 107 (107/300):
2024-11-06 19:49:12,148 - ShapeNetPart - INFO - Train accuracy is: 92.67952
2024-11-06 19:49:12,148 - ShapeNetPart - INFO - Train loss: 0.18902
2024-11-06 19:49:12,148 - ShapeNetPart - INFO - lr: 0.000145
2024-11-06 19:50:12,519 - ShapeNetPart - INFO - eval mIoU of Car            68.666474
2024-11-06 19:50:12,519 - ShapeNetPart - INFO - Epoch 107 ETA: 29 days, 6:53:22 test Accuracy: 88.299392  Class avg mIOU: 68.666474  Inctance avg mIOU: 68.666474
2024-11-06 19:50:12,520 - ShapeNetPart - INFO - [Acc.] Best accuracy is: 91.42741
2024-11-06 19:50:12,520 - ShapeNetPart - INFO - [mIoU_C] Best class avg mIOU is: 71.91991
2024-11-06 19:50:12,520 - ShapeNetPart - INFO - [mIoU_I] Best inctance avg mIOU is: 71.91991
2024-11-06 19:50:12,520 - ShapeNetPart - INFO - Epoch 108 (108/300):
2024-11-06 19:53:21,325 - ShapeNetPart - INFO - Train accuracy is: 92.82555
2024-11-06 19:53:21,326 - ShapeNetPart - INFO - Train loss: 0.18366
2024-11-06 19:53:21,326 - ShapeNetPart - INFO - lr: 0.000144
2024-11-06 19:54:16,075 - ShapeNetPart - INFO - eval mIoU of Car            70.383087
2024-11-06 19:54:16,075 - ShapeNetPart - INFO - Epoch 108 ETA: 29 days, 9:45:07 test Accuracy: 85.692556  Class avg mIOU: 70.383087  Inctance avg mIOU: 70.383087
2024-11-06 19:54:16,076 - ShapeNetPart - INFO - [Acc.] Best accuracy is: 91.42741
2024-11-06 19:54:16,076 - ShapeNetPart - INFO - [mIoU_C] Best class avg mIOU is: 71.91991
2024-11-06 19:54:16,076 - ShapeNetPart - INFO - [mIoU_I] Best inctance avg mIOU is: 71.91991
2024-11-06 19:54:16,076 - ShapeNetPart - INFO - Epoch 109 (109/300):
2024-11-06 19:57:15,815 - ShapeNetPart - INFO - Train accuracy is: 93.08180
2024-11-06 19:57:15,816 - ShapeNetPart - INFO - Train loss: 0.17995
2024-11-06 19:57:15,816 - ShapeNetPart - INFO - lr: 0.000143
2024-11-06 19:58:10,703 - ShapeNetPart - INFO - eval mIoU of Car            72.263929
2024-11-06 19:58:10,704 - ShapeNetPart - INFO - Epoch 109 ETA: 29 days, 12:32:38 test Accuracy: 89.145161  Class avg mIOU: 72.263929  Inctance avg mIOU: 72.263929
2024-11-06 19:58:10,704 - ShapeNetPart - INFO - Save model...
2024-11-06 19:58:10,704 - ShapeNetPart - INFO - Saving at log/part_seg/exp_v3/checkpoints/best_model.pth
2024-11-06 19:58:11,822 - ShapeNetPart - INFO - Saving model....
2024-11-06 19:58:11,822 - ShapeNetPart - INFO - [Acc.] Best accuracy is: 91.42741
2024-11-06 19:58:11,822 - ShapeNetPart - INFO - [mIoU_C] Best class avg mIOU is: 72.26393
2024-11-06 19:58:11,822 - ShapeNetPart - INFO - [mIoU_I] Best inctance avg mIOU is: 72.26393
2024-11-06 19:58:11,822 - ShapeNetPart - INFO - Epoch 110 (110/300):
2024-11-06 20:01:14,896 - ShapeNetPart - INFO - Train accuracy is: 93.24551
2024-11-06 20:01:14,897 - ShapeNetPart - INFO - Train loss: 0.17395
2024-11-06 20:01:14,897 - ShapeNetPart - INFO - lr: 0.000142
2024-11-06 20:02:10,038 - ShapeNetPart - INFO - eval mIoU of Car            67.996892
2024-11-06 20:02:10,039 - ShapeNetPart - INFO - Epoch 110 ETA: 29 days, 15:16:03 test Accuracy: 88.828516  Class avg mIOU: 67.996892  Inctance avg mIOU: 67.996892
2024-11-06 20:02:10,039 - ShapeNetPart - INFO - [Acc.] Best accuracy is: 91.42741
2024-11-06 20:02:10,039 - ShapeNetPart - INFO - [mIoU_C] Best class avg mIOU is: 72.26393
2024-11-06 20:02:10,039 - ShapeNetPart - INFO - [mIoU_I] Best inctance avg mIOU is: 72.26393
2024-11-06 20:02:10,039 - ShapeNetPart - INFO - Epoch 111 (111/300):
2024-11-06 20:05:07,925 - ShapeNetPart - INFO - Train accuracy is: 92.55469
2024-11-06 20:05:07,926 - ShapeNetPart - INFO - Train loss: 0.19409
2024-11-06 20:05:07,926 - ShapeNetPart - INFO - lr: 0.000141
2024-11-06 20:06:05,935 - ShapeNetPart - INFO - eval mIoU of Car            72.131991
2024-11-06 20:06:05,936 - ShapeNetPart - INFO - Epoch 111 ETA: 29 days, 17:55:16 test Accuracy: 89.607747  Class avg mIOU: 72.131991  Inctance avg mIOU: 72.131991
2024-11-06 20:06:05,936 - ShapeNetPart - INFO - [Acc.] Best accuracy is: 91.42741
2024-11-06 20:06:05,936 - ShapeNetPart - INFO - [mIoU_C] Best class avg mIOU is: 72.26393
2024-11-06 20:06:05,936 - ShapeNetPart - INFO - [mIoU_I] Best inctance avg mIOU is: 72.26393
2024-11-06 20:06:05,936 - ShapeNetPart - INFO - Epoch 112 (112/300):
2024-11-06 20:09:17,318 - ShapeNetPart - INFO - Train accuracy is: 93.11094
2024-11-06 20:09:17,319 - ShapeNetPart - INFO - Train loss: 0.17510
2024-11-06 20:09:17,319 - ShapeNetPart - INFO - lr: 0.000140
2024-11-06 20:10:16,738 - ShapeNetPart - INFO - eval mIoU of Car            68.010322
2024-11-06 20:10:16,738 - ShapeNetPart - INFO - Epoch 112 ETA: 29 days, 20:30:43 test Accuracy: 89.028168  Class avg mIOU: 68.010322  Inctance avg mIOU: 68.010322
2024-11-06 20:10:16,738 - ShapeNetPart - INFO - [Acc.] Best accuracy is: 91.42741
2024-11-06 20:10:16,738 - ShapeNetPart - INFO - [mIoU_C] Best class avg mIOU is: 72.26393
2024-11-06 20:10:16,738 - ShapeNetPart - INFO - [mIoU_I] Best inctance avg mIOU is: 72.26393
2024-11-06 20:10:16,738 - ShapeNetPart - INFO - Epoch 113 (113/300):
2024-11-06 20:13:22,198 - ShapeNetPart - INFO - Train accuracy is: 92.86844
2024-11-06 20:13:22,198 - ShapeNetPart - INFO - Train loss: 0.18315
2024-11-06 20:13:22,198 - ShapeNetPart - INFO - lr: 0.000139
2024-11-06 20:14:17,743 - ShapeNetPart - INFO - eval mIoU of Car            63.746470
2024-11-06 20:14:17,744 - ShapeNetPart - INFO - Epoch 113 ETA: 29 days, 23:02:06 test Accuracy: 84.478472  Class avg mIOU: 63.746470  Inctance avg mIOU: 63.746470
2024-11-06 20:14:17,744 - ShapeNetPart - INFO - [Acc.] Best accuracy is: 91.42741
2024-11-06 20:14:17,744 - ShapeNetPart - INFO - [mIoU_C] Best class avg mIOU is: 72.26393
2024-11-06 20:14:17,744 - ShapeNetPart - INFO - [mIoU_I] Best inctance avg mIOU is: 72.26393
2024-11-06 20:14:17,744 - ShapeNetPart - INFO - Epoch 114 (114/300):
2024-11-06 20:17:17,046 - ShapeNetPart - INFO - Train accuracy is: 92.26594
2024-11-06 20:17:17,047 - ShapeNetPart - INFO - Train loss: 0.19693
2024-11-06 20:17:17,047 - ShapeNetPart - INFO - lr: 0.000138
2024-11-06 20:18:13,006 - ShapeNetPart - INFO - eval mIoU of Car            71.700295
2024-11-06 20:18:13,006 - ShapeNetPart - INFO - Epoch 114 ETA: 30 days, 1:29:17 test Accuracy: 88.377669  Class avg mIOU: 71.700295  Inctance avg mIOU: 71.700295
2024-11-06 20:18:13,006 - ShapeNetPart - INFO - [Acc.] Best accuracy is: 91.42741
2024-11-06 20:18:13,006 - ShapeNetPart - INFO - [mIoU_C] Best class avg mIOU is: 72.26393
2024-11-06 20:18:13,006 - ShapeNetPart - INFO - [mIoU_I] Best inctance avg mIOU is: 72.26393
2024-11-06 20:18:13,007 - ShapeNetPart - INFO - Epoch 115 (115/300):
2024-11-06 20:21:07,127 - ShapeNetPart - INFO - Train accuracy is: 91.68849
2024-11-06 20:21:07,127 - ShapeNetPart - INFO - Train loss: 0.22676
2024-11-06 20:21:07,127 - ShapeNetPart - INFO - lr: 0.000137
2024-11-06 20:22:02,656 - ShapeNetPart - INFO - eval mIoU of Car            71.287689
2024-11-06 20:22:02,657 - ShapeNetPart - INFO - Epoch 115 ETA: 30 days, 3:52:07 test Accuracy: 89.559874  Class avg mIOU: 71.287689  Inctance avg mIOU: 71.287689
2024-11-06 20:22:02,658 - ShapeNetPart - INFO - [Acc.] Best accuracy is: 91.42741
2024-11-06 20:22:02,658 - ShapeNetPart - INFO - [mIoU_C] Best class avg mIOU is: 72.26393
2024-11-06 20:22:02,658 - ShapeNetPart - INFO - [mIoU_I] Best inctance avg mIOU is: 72.26393
2024-11-06 20:22:02,658 - ShapeNetPart - INFO - Epoch 116 (116/300):
2024-11-06 20:25:08,357 - ShapeNetPart - INFO - Train accuracy is: 92.35772
2024-11-06 20:25:08,358 - ShapeNetPart - INFO - Train loss: 0.20267
2024-11-06 20:25:08,358 - ShapeNetPart - INFO - lr: 0.000136
2024-11-06 20:26:03,719 - ShapeNetPart - INFO - eval mIoU of Car            70.044193
2024-11-06 20:26:03,720 - ShapeNetPart - INFO - Epoch 116 ETA: 30 days, 6:10:54 test Accuracy: 89.856424  Class avg mIOU: 70.044193  Inctance avg mIOU: 70.044193
2024-11-06 20:26:03,720 - ShapeNetPart - INFO - [Acc.] Best accuracy is: 91.42741
2024-11-06 20:26:03,721 - ShapeNetPart - INFO - [mIoU_C] Best class avg mIOU is: 72.26393
2024-11-06 20:26:03,721 - ShapeNetPart - INFO - [mIoU_I] Best inctance avg mIOU is: 72.26393
2024-11-06 20:26:03,721 - ShapeNetPart - INFO - Epoch 117 (117/300):
2024-11-06 20:29:14,848 - ShapeNetPart - INFO - Train accuracy is: 93.01749
2024-11-06 20:29:14,849 - ShapeNetPart - INFO - Train loss: 0.17834
2024-11-06 20:29:14,849 - ShapeNetPart - INFO - lr: 0.000135
2024-11-06 20:30:10,423 - ShapeNetPart - INFO - eval mIoU of Car            71.947532
2024-11-06 20:30:10,423 - ShapeNetPart - INFO - Epoch 117 ETA: 30 days, 8:25:48 test Accuracy: 89.982747  Class avg mIOU: 71.947532  Inctance avg mIOU: 71.947532
2024-11-06 20:30:10,423 - ShapeNetPart - INFO - [Acc.] Best accuracy is: 91.42741
2024-11-06 20:30:10,424 - ShapeNetPart - INFO - [mIoU_C] Best class avg mIOU is: 72.26393
2024-11-06 20:30:10,424 - ShapeNetPart - INFO - [mIoU_I] Best inctance avg mIOU is: 72.26393
2024-11-06 20:30:10,424 - ShapeNetPart - INFO - Epoch 118 (118/300):
2024-11-06 20:33:13,240 - ShapeNetPart - INFO - Train accuracy is: 93.91161
2024-11-06 20:33:13,240 - ShapeNetPart - INFO - Train loss: 0.15715
2024-11-06 20:33:13,240 - ShapeNetPart - INFO - lr: 0.000134
2024-11-06 20:34:09,457 - ShapeNetPart - INFO - eval mIoU of Car            71.088973
2024-11-06 20:34:09,457 - ShapeNetPart - INFO - Epoch 118 ETA: 30 days, 10:36:37 test Accuracy: 90.119727  Class avg mIOU: 71.088973  Inctance avg mIOU: 71.088973
2024-11-06 20:34:09,457 - ShapeNetPart - INFO - [Acc.] Best accuracy is: 91.42741
2024-11-06 20:34:09,457 - ShapeNetPart - INFO - [mIoU_C] Best class avg mIOU is: 72.26393
2024-11-06 20:34:09,457 - ShapeNetPart - INFO - [mIoU_I] Best inctance avg mIOU is: 72.26393
2024-11-06 20:34:09,458 - ShapeNetPart - INFO - Epoch 119 (119/300):
2024-11-06 20:37:05,767 - ShapeNetPart - INFO - Train accuracy is: 93.56675
2024-11-06 20:37:05,768 - ShapeNetPart - INFO - Train loss: 0.16380
2024-11-06 20:37:05,768 - ShapeNetPart - INFO - lr: 0.000133
2024-11-06 20:38:01,784 - ShapeNetPart - INFO - eval mIoU of Car            72.872165
2024-11-06 20:38:01,785 - ShapeNetPart - INFO - Epoch 119 ETA: 30 days, 12:43:10 test Accuracy: 90.665842  Class avg mIOU: 72.872165  Inctance avg mIOU: 72.872165
2024-11-06 20:38:01,785 - ShapeNetPart - INFO - Save model...
2024-11-06 20:38:01,785 - ShapeNetPart - INFO - Saving at log/part_seg/exp_v3/checkpoints/best_model.pth
2024-11-06 20:38:02,860 - ShapeNetPart - INFO - Saving model....
2024-11-06 20:38:02,860 - ShapeNetPart - INFO - [Acc.] Best accuracy is: 91.42741
2024-11-06 20:38:02,860 - ShapeNetPart - INFO - [mIoU_C] Best class avg mIOU is: 72.87217
2024-11-06 20:38:02,861 - ShapeNetPart - INFO - [mIoU_I] Best inctance avg mIOU is: 72.87217
2024-11-06 20:38:02,861 - ShapeNetPart - INFO - Epoch 120 (120/300):
2024-11-06 20:41:15,032 - ShapeNetPart - INFO - Train accuracy is: 93.67609
2024-11-06 20:41:15,032 - ShapeNetPart - INFO - Train loss: 0.16210
2024-11-06 20:41:15,032 - ShapeNetPart - INFO - lr: 0.000132
2024-11-06 20:42:09,256 - ShapeNetPart - INFO - eval mIoU of Car            69.788131
2024-11-06 20:42:09,256 - ShapeNetPart - INFO - Epoch 120 ETA: 30 days, 14:45:51 test Accuracy: 88.794119  Class avg mIOU: 69.788131  Inctance avg mIOU: 69.788131
2024-11-06 20:42:09,257 - ShapeNetPart - INFO - [Acc.] Best accuracy is: 91.42741
2024-11-06 20:42:09,257 - ShapeNetPart - INFO - [mIoU_C] Best class avg mIOU is: 72.87217
2024-11-06 20:42:09,257 - ShapeNetPart - INFO - [mIoU_I] Best inctance avg mIOU is: 72.87217
2024-11-06 20:42:09,257 - ShapeNetPart - INFO - Epoch 121 (121/300):
2024-11-06 20:45:15,846 - ShapeNetPart - INFO - Train accuracy is: 93.47246
2024-11-06 20:45:15,847 - ShapeNetPart - INFO - Train loss: 0.16626
2024-11-06 20:45:15,847 - ShapeNetPart - INFO - lr: 0.000131
2024-11-06 20:46:10,324 - ShapeNetPart - INFO - eval mIoU of Car            73.014381
2024-11-06 20:46:10,325 - ShapeNetPart - INFO - Epoch 121 ETA: 30 days, 16:44:29 test Accuracy: 89.607856  Class avg mIOU: 73.014381  Inctance avg mIOU: 73.014381
2024-11-06 20:46:10,325 - ShapeNetPart - INFO - Save model...
2024-11-06 20:46:10,325 - ShapeNetPart - INFO - Saving at log/part_seg/exp_v3/checkpoints/best_model.pth
2024-11-06 20:46:11,497 - ShapeNetPart - INFO - Saving model....
2024-11-06 20:46:11,497 - ShapeNetPart - INFO - [Acc.] Best accuracy is: 91.42741
2024-11-06 20:46:11,497 - ShapeNetPart - INFO - [mIoU_C] Best class avg mIOU is: 73.01438
2024-11-06 20:46:11,498 - ShapeNetPart - INFO - [mIoU_I] Best inctance avg mIOU is: 73.01438
2024-11-06 20:46:11,498 - ShapeNetPart - INFO - Epoch 122 (122/300):
2024-11-06 20:49:29,945 - ShapeNetPart - INFO - Train accuracy is: 93.81504
2024-11-06 20:49:29,946 - ShapeNetPart - INFO - Train loss: 0.15791
2024-11-06 20:49:29,946 - ShapeNetPart - INFO - lr: 0.000130
2024-11-06 20:50:24,163 - ShapeNetPart - INFO - eval mIoU of Car            73.220363
2024-11-06 20:50:24,164 - ShapeNetPart - INFO - Epoch 122 ETA: 30 days, 18:39:25 test Accuracy: 90.476497  Class avg mIOU: 73.220363  Inctance avg mIOU: 73.220363
2024-11-06 20:50:24,164 - ShapeNetPart - INFO - Save model...
2024-11-06 20:50:24,164 - ShapeNetPart - INFO - Saving at log/part_seg/exp_v3/checkpoints/best_model.pth
2024-11-06 20:50:25,418 - ShapeNetPart - INFO - Saving model....
2024-11-06 20:50:25,418 - ShapeNetPart - INFO - [Acc.] Best accuracy is: 91.42741
2024-11-06 20:50:25,418 - ShapeNetPart - INFO - [mIoU_C] Best class avg mIOU is: 73.22036
2024-11-06 20:50:25,418 - ShapeNetPart - INFO - [mIoU_I] Best inctance avg mIOU is: 73.22036
2024-11-06 20:50:25,418 - ShapeNetPart - INFO - Epoch 123 (123/300):
2024-11-06 20:53:34,852 - ShapeNetPart - INFO - Train accuracy is: 93.48607
2024-11-06 20:53:34,853 - ShapeNetPart - INFO - Train loss: 0.16925
2024-11-06 20:53:34,853 - ShapeNetPart - INFO - lr: 0.000129
2024-11-06 20:54:37,295 - ShapeNetPart - INFO - eval mIoU of Car            66.383187
2024-11-06 20:54:37,296 - ShapeNetPart - INFO - Epoch 123 ETA: 30 days, 20:30:35 test Accuracy: 87.187912  Class avg mIOU: 66.383187  Inctance avg mIOU: 66.383187
2024-11-06 20:54:37,296 - ShapeNetPart - INFO - [Acc.] Best accuracy is: 91.42741
2024-11-06 20:54:37,296 - ShapeNetPart - INFO - [mIoU_C] Best class avg mIOU is: 73.22036
2024-11-06 20:54:37,296 - ShapeNetPart - INFO - [mIoU_I] Best inctance avg mIOU is: 73.22036
2024-11-06 20:54:37,297 - ShapeNetPart - INFO - Epoch 124 (124/300):
2024-11-06 20:57:46,865 - ShapeNetPart - INFO - Train accuracy is: 93.17629
2024-11-06 20:57:46,865 - ShapeNetPart - INFO - Train loss: 0.17641
2024-11-06 20:57:46,866 - ShapeNetPart - INFO - lr: 0.000128
2024-11-06 20:58:42,619 - ShapeNetPart - INFO - eval mIoU of Car            70.139419
2024-11-06 20:58:42,621 - ShapeNetPart - INFO - Epoch 124 ETA: 30 days, 22:17:48 test Accuracy: 89.945095  Class avg mIOU: 70.139419  Inctance avg mIOU: 70.139419
2024-11-06 20:58:42,621 - ShapeNetPart - INFO - [Acc.] Best accuracy is: 91.42741
2024-11-06 20:58:42,621 - ShapeNetPart - INFO - [mIoU_C] Best class avg mIOU is: 73.22036
2024-11-06 20:58:42,621 - ShapeNetPart - INFO - [mIoU_I] Best inctance avg mIOU is: 73.22036
2024-11-06 20:58:42,622 - ShapeNetPart - INFO - Epoch 125 (125/300):
2024-11-06 21:01:44,995 - ShapeNetPart - INFO - Train accuracy is: 92.86470
2024-11-06 21:01:44,996 - ShapeNetPart - INFO - Train loss: 0.18250
2024-11-06 21:01:44,996 - ShapeNetPart - INFO - lr: 0.000127
2024-11-06 21:02:39,772 - ShapeNetPart - INFO - eval mIoU of Car            69.889179
2024-11-06 21:02:39,773 - ShapeNetPart - INFO - Epoch 125 ETA: 31 days, 0:00:53 test Accuracy: 89.251302  Class avg mIOU: 69.889179  Inctance avg mIOU: 69.889179
2024-11-06 21:02:39,773 - ShapeNetPart - INFO - [Acc.] Best accuracy is: 91.42741
2024-11-06 21:02:39,773 - ShapeNetPart - INFO - [mIoU_C] Best class avg mIOU is: 73.22036
2024-11-06 21:02:39,773 - ShapeNetPart - INFO - [mIoU_I] Best inctance avg mIOU is: 73.22036
2024-11-06 21:02:39,773 - ShapeNetPart - INFO - Epoch 126 (126/300):
2024-11-06 21:05:51,836 - ShapeNetPart - INFO - Train accuracy is: 93.63187
2024-11-06 21:05:51,836 - ShapeNetPart - INFO - Train loss: 0.16057
2024-11-06 21:05:51,836 - ShapeNetPart - INFO - lr: 0.000126
2024-11-06 21:06:46,656 - ShapeNetPart - INFO - eval mIoU of Car            72.282235
2024-11-06 21:06:46,656 - ShapeNetPart - INFO - Epoch 126 ETA: 31 days, 1:40:03 test Accuracy: 90.176367  Class avg mIOU: 72.282235  Inctance avg mIOU: 72.282235
2024-11-06 21:06:46,656 - ShapeNetPart - INFO - [Acc.] Best accuracy is: 91.42741
2024-11-06 21:06:46,656 - ShapeNetPart - INFO - [mIoU_C] Best class avg mIOU is: 73.22036
2024-11-06 21:06:46,657 - ShapeNetPart - INFO - [mIoU_I] Best inctance avg mIOU is: 73.22036
2024-11-06 21:06:46,657 - ShapeNetPart - INFO - Epoch 127 (127/300):
2024-11-06 21:10:00,539 - ShapeNetPart - INFO - Train accuracy is: 93.38401
2024-11-06 21:10:00,539 - ShapeNetPart - INFO - Train loss: 0.17093
2024-11-06 21:10:00,539 - ShapeNetPart - INFO - lr: 0.000125
2024-11-06 21:10:56,480 - ShapeNetPart - INFO - eval mIoU of Car            70.598418
2024-11-06 21:10:56,481 - ShapeNetPart - INFO - Epoch 127 ETA: 31 days, 3:15:22 test Accuracy: 89.219705  Class avg mIOU: 70.598418  Inctance avg mIOU: 70.598418
2024-11-06 21:10:56,481 - ShapeNetPart - INFO - [Acc.] Best accuracy is: 91.42741
2024-11-06 21:10:56,481 - ShapeNetPart - INFO - [mIoU_C] Best class avg mIOU is: 73.22036
2024-11-06 21:10:56,481 - ShapeNetPart - INFO - [mIoU_I] Best inctance avg mIOU is: 73.22036
2024-11-06 21:10:56,482 - ShapeNetPart - INFO - Epoch 128 (128/300):
2024-11-06 21:14:07,172 - ShapeNetPart - INFO - Train accuracy is: 93.92913
2024-11-06 21:14:07,172 - ShapeNetPart - INFO - Train loss: 0.15585
2024-11-06 21:14:07,173 - ShapeNetPart - INFO - lr: 0.000124
2024-11-06 21:15:03,815 - ShapeNetPart - INFO - eval mIoU of Car            73.565751
2024-11-06 21:15:03,816 - ShapeNetPart - INFO - Epoch 128 ETA: 31 days, 4:46:46 test Accuracy: 90.403906  Class avg mIOU: 73.565751  Inctance avg mIOU: 73.565751
2024-11-06 21:15:03,816 - ShapeNetPart - INFO - Save model...
2024-11-06 21:15:03,816 - ShapeNetPart - INFO - Saving at log/part_seg/exp_v3/checkpoints/best_model.pth
2024-11-06 21:15:04,955 - ShapeNetPart - INFO - Saving model....
2024-11-06 21:15:04,956 - ShapeNetPart - INFO - [Acc.] Best accuracy is: 91.42741
2024-11-06 21:15:04,956 - ShapeNetPart - INFO - [mIoU_C] Best class avg mIOU is: 73.56575
2024-11-06 21:15:04,956 - ShapeNetPart - INFO - [mIoU_I] Best inctance avg mIOU is: 73.56575
2024-11-06 21:15:04,956 - ShapeNetPart - INFO - Epoch 129 (129/300):
2024-11-06 21:18:13,025 - ShapeNetPart - INFO - Train accuracy is: 92.64889
2024-11-06 21:18:13,026 - ShapeNetPart - INFO - Train loss: 0.19133
2024-11-06 21:18:13,026 - ShapeNetPart - INFO - lr: 0.000123
2024-11-06 21:19:07,912 - ShapeNetPart - INFO - eval mIoU of Car            70.469322
2024-11-06 21:19:07,913 - ShapeNetPart - INFO - Epoch 129 ETA: 31 days, 6:14:10 test Accuracy: 88.754926  Class avg mIOU: 70.469322  Inctance avg mIOU: 70.469322
2024-11-06 21:19:07,914 - ShapeNetPart - INFO - [Acc.] Best accuracy is: 91.42741
2024-11-06 21:19:07,914 - ShapeNetPart - INFO - [mIoU_C] Best class avg mIOU is: 73.56575
2024-11-06 21:19:07,914 - ShapeNetPart - INFO - [mIoU_I] Best inctance avg mIOU is: 73.56575
2024-11-06 21:19:07,914 - ShapeNetPart - INFO - Epoch 130 (130/300):
2024-11-06 21:22:03,843 - ShapeNetPart - INFO - Train accuracy is: 93.16990
2024-11-06 21:22:03,843 - ShapeNetPart - INFO - Train loss: 0.17953
2024-11-06 21:22:03,843 - ShapeNetPart - INFO - lr: 0.000122
2024-11-06 21:23:00,657 - ShapeNetPart - INFO - eval mIoU of Car            70.500885
2024-11-06 21:23:00,658 - ShapeNetPart - INFO - Epoch 130 ETA: 31 days, 7:37:20 test Accuracy: 90.576910  Class avg mIOU: 70.500885  Inctance avg mIOU: 70.500885
2024-11-06 21:23:00,658 - ShapeNetPart - INFO - [Acc.] Best accuracy is: 91.42741
2024-11-06 21:23:00,659 - ShapeNetPart - INFO - [mIoU_C] Best class avg mIOU is: 73.56575
2024-11-06 21:23:00,659 - ShapeNetPart - INFO - [mIoU_I] Best inctance avg mIOU is: 73.56575
2024-11-06 21:23:00,659 - ShapeNetPart - INFO - Epoch 131 (131/300):
2024-11-06 21:26:10,630 - ShapeNetPart - INFO - Train accuracy is: 93.55085
2024-11-06 21:26:10,631 - ShapeNetPart - INFO - Train loss: 0.16816
2024-11-06 21:26:10,631 - ShapeNetPart - INFO - lr: 0.000121
2024-11-06 21:27:08,148 - ShapeNetPart - INFO - eval mIoU of Car            71.793439
2024-11-06 21:27:08,149 - ShapeNetPart - INFO - Epoch 131 ETA: 31 days, 8:56:35 test Accuracy: 90.843207  Class avg mIOU: 71.793439  Inctance avg mIOU: 71.793439
2024-11-06 21:27:08,149 - ShapeNetPart - INFO - [Acc.] Best accuracy is: 91.42741
2024-11-06 21:27:08,149 - ShapeNetPart - INFO - [mIoU_C] Best class avg mIOU is: 73.56575
2024-11-06 21:27:08,149 - ShapeNetPart - INFO - [mIoU_I] Best inctance avg mIOU is: 73.56575
2024-11-06 21:27:08,149 - ShapeNetPart - INFO - Epoch 132 (132/300):
2024-11-06 21:30:15,325 - ShapeNetPart - INFO - Train accuracy is: 93.72054
2024-11-06 21:30:15,326 - ShapeNetPart - INFO - Train loss: 0.16003
2024-11-06 21:30:15,326 - ShapeNetPart - INFO - lr: 0.000120
2024-11-06 21:31:10,362 - ShapeNetPart - INFO - eval mIoU of Car            73.320558
2024-11-06 21:31:10,363 - ShapeNetPart - INFO - Epoch 132 ETA: 31 days, 10:11:48 test Accuracy: 90.292882  Class avg mIOU: 73.320558  Inctance avg mIOU: 73.320558
2024-11-06 21:31:10,363 - ShapeNetPart - INFO - [Acc.] Best accuracy is: 91.42741
2024-11-06 21:31:10,363 - ShapeNetPart - INFO - [mIoU_C] Best class avg mIOU is: 73.56575
2024-11-06 21:31:10,363 - ShapeNetPart - INFO - [mIoU_I] Best inctance avg mIOU is: 73.56575
2024-11-06 21:31:10,363 - ShapeNetPart - INFO - Epoch 133 (133/300):
2024-11-06 21:34:16,054 - ShapeNetPart - INFO - Train accuracy is: 93.99588
2024-11-06 21:34:16,054 - ShapeNetPart - INFO - Train loss: 0.15111
2024-11-06 21:34:16,054 - ShapeNetPart - INFO - lr: 0.000119
2024-11-06 21:35:15,862 - ShapeNetPart - INFO - eval mIoU of Car            73.820430
2024-11-06 21:35:15,863 - ShapeNetPart - INFO - Epoch 133 ETA: 31 days, 11:23:03 test Accuracy: 90.704883  Class avg mIOU: 73.820430  Inctance avg mIOU: 73.820430
2024-11-06 21:35:15,863 - ShapeNetPart - INFO - Save model...
2024-11-06 21:35:15,863 - ShapeNetPart - INFO - Saving at log/part_seg/exp_v3/checkpoints/best_model.pth
2024-11-06 21:35:17,133 - ShapeNetPart - INFO - Saving model....
2024-11-06 21:35:17,133 - ShapeNetPart - INFO - [Acc.] Best accuracy is: 91.42741
2024-11-06 21:35:17,134 - ShapeNetPart - INFO - [mIoU_C] Best class avg mIOU is: 73.82043
2024-11-06 21:35:17,134 - ShapeNetPart - INFO - [mIoU_I] Best inctance avg mIOU is: 73.82043
2024-11-06 21:35:17,134 - ShapeNetPart - INFO - Epoch 134 (134/300):
2024-11-06 21:38:16,963 - ShapeNetPart - INFO - Train accuracy is: 93.75453
2024-11-06 21:38:16,963 - ShapeNetPart - INFO - Train loss: 0.16011
2024-11-06 21:38:16,964 - ShapeNetPart - INFO - lr: 0.000118
2024-11-06 21:39:13,032 - ShapeNetPart - INFO - eval mIoU of Car            71.619183
2024-11-06 21:39:13,033 - ShapeNetPart - INFO - Epoch 134 ETA: 31 days, 12:30:10 test Accuracy: 90.769184  Class avg mIOU: 71.619183  Inctance avg mIOU: 71.619183
2024-11-06 21:39:13,033 - ShapeNetPart - INFO - [Acc.] Best accuracy is: 91.42741
2024-11-06 21:39:13,033 - ShapeNetPart - INFO - [mIoU_C] Best class avg mIOU is: 73.82043
2024-11-06 21:39:13,033 - ShapeNetPart - INFO - [mIoU_I] Best inctance avg mIOU is: 73.82043
2024-11-06 21:39:13,033 - ShapeNetPart - INFO - Epoch 135 (135/300):
2024-11-06 21:42:20,968 - ShapeNetPart - INFO - Train accuracy is: 94.02102
2024-11-06 21:42:20,968 - ShapeNetPart - INFO - Train loss: 0.15268
2024-11-06 21:42:20,968 - ShapeNetPart - INFO - lr: 0.000117
2024-11-06 21:43:16,698 - ShapeNetPart - INFO - eval mIoU of Car            69.123992
2024-11-06 21:43:16,699 - ShapeNetPart - INFO - Epoch 135 ETA: 31 days, 13:33:16 test Accuracy: 90.394206  Class avg mIOU: 69.123992  Inctance avg mIOU: 69.123992
2024-11-06 21:43:16,699 - ShapeNetPart - INFO - [Acc.] Best accuracy is: 91.42741
2024-11-06 21:43:16,699 - ShapeNetPart - INFO - [mIoU_C] Best class avg mIOU is: 73.82043
2024-11-06 21:43:16,699 - ShapeNetPart - INFO - [mIoU_I] Best inctance avg mIOU is: 73.82043
2024-11-06 21:43:16,699 - ShapeNetPart - INFO - Epoch 136 (136/300):
2024-11-06 21:46:25,442 - ShapeNetPart - INFO - Train accuracy is: 93.04195
2024-11-06 21:46:25,443 - ShapeNetPart - INFO - Train loss: 0.17862
2024-11-06 21:46:25,443 - ShapeNetPart - INFO - lr: 0.000116
2024-11-06 21:47:23,119 - ShapeNetPart - INFO - eval mIoU of Car            72.754463
2024-11-06 21:47:23,119 - ShapeNetPart - INFO - Epoch 136 ETA: 31 days, 14:32:26 test Accuracy: 90.634701  Class avg mIOU: 72.754463  Inctance avg mIOU: 72.754463
2024-11-06 21:47:23,120 - ShapeNetPart - INFO - [Acc.] Best accuracy is: 91.42741
2024-11-06 21:47:23,120 - ShapeNetPart - INFO - [mIoU_C] Best class avg mIOU is: 73.82043
2024-11-06 21:47:23,120 - ShapeNetPart - INFO - [mIoU_I] Best inctance avg mIOU is: 73.82043
2024-11-06 21:47:23,120 - ShapeNetPart - INFO - Epoch 137 (137/300):
2024-11-06 21:50:37,369 - ShapeNetPart - INFO - Train accuracy is: 94.48806
2024-11-06 21:50:37,369 - ShapeNetPart - INFO - Train loss: 0.14208
2024-11-06 21:50:37,369 - ShapeNetPart - INFO - lr: 0.000115
2024-11-06 21:51:35,248 - ShapeNetPart - INFO - eval mIoU of Car            72.633017
2024-11-06 21:51:35,249 - ShapeNetPart - INFO - Epoch 137 ETA: 31 days, 15:27:46 test Accuracy: 90.372331  Class avg mIOU: 72.633017  Inctance avg mIOU: 72.633017
2024-11-06 21:51:35,249 - ShapeNetPart - INFO - [Acc.] Best accuracy is: 91.42741
2024-11-06 21:51:35,249 - ShapeNetPart - INFO - [mIoU_C] Best class avg mIOU is: 73.82043
2024-11-06 21:51:35,249 - ShapeNetPart - INFO - [mIoU_I] Best inctance avg mIOU is: 73.82043
2024-11-06 21:51:35,249 - ShapeNetPart - INFO - Epoch 138 (138/300):
2024-11-06 21:54:43,714 - ShapeNetPart - INFO - Train accuracy is: 94.53293
2024-11-06 21:54:43,714 - ShapeNetPart - INFO - Train loss: 0.13906
2024-11-06 21:54:43,714 - ShapeNetPart - INFO - lr: 0.000114
2024-11-06 21:55:42,869 - ShapeNetPart - INFO - eval mIoU of Car            73.828254
2024-11-06 21:55:42,870 - ShapeNetPart - INFO - Epoch 138 ETA: 31 days, 16:19:09 test Accuracy: 90.975152  Class avg mIOU: 73.828254  Inctance avg mIOU: 73.828254
2024-11-06 21:55:42,870 - ShapeNetPart - INFO - Save model...
2024-11-06 21:55:42,870 - ShapeNetPart - INFO - Saving at log/part_seg/exp_v3/checkpoints/best_model.pth
2024-11-06 21:55:44,033 - ShapeNetPart - INFO - Saving model....
2024-11-06 21:55:44,034 - ShapeNetPart - INFO - [Acc.] Best accuracy is: 91.42741
2024-11-06 21:55:44,034 - ShapeNetPart - INFO - [mIoU_C] Best class avg mIOU is: 73.82825
2024-11-06 21:55:44,034 - ShapeNetPart - INFO - [mIoU_I] Best inctance avg mIOU is: 73.82825
2024-11-06 21:55:44,034 - ShapeNetPart - INFO - Epoch 139 (139/300):
2024-11-06 21:58:45,268 - ShapeNetPart - INFO - Train accuracy is: 94.72641
2024-11-06 21:58:45,268 - ShapeNetPart - INFO - Train loss: 0.13667
2024-11-06 21:58:45,269 - ShapeNetPart - INFO - lr: 0.000113
2024-11-06 21:59:41,390 - ShapeNetPart - INFO - eval mIoU of Car            72.298307
2024-11-06 21:59:41,391 - ShapeNetPart - INFO - Epoch 139 ETA: 31 days, 17:06:26 test Accuracy: 91.831076  Class avg mIOU: 72.298307  Inctance avg mIOU: 72.298307
2024-11-06 21:59:41,391 - ShapeNetPart - INFO - [Acc.] Best accuracy is: 91.83108
2024-11-06 21:59:41,391 - ShapeNetPart - INFO - [mIoU_C] Best class avg mIOU is: 73.82825
2024-11-06 21:59:41,391 - ShapeNetPart - INFO - [mIoU_I] Best inctance avg mIOU is: 73.82825
2024-11-06 21:59:41,391 - ShapeNetPart - INFO - Epoch 140 (140/300):
2024-11-06 22:02:49,864 - ShapeNetPart - INFO - Train accuracy is: 94.26242
2024-11-06 22:02:49,865 - ShapeNetPart - INFO - Train loss: 0.14471
2024-11-06 22:02:49,865 - ShapeNetPart - INFO - lr: 0.000112
2024-11-06 22:03:49,947 - ShapeNetPart - INFO - eval mIoU of Car            73.875066
2024-11-06 22:03:49,947 - ShapeNetPart - INFO - Epoch 140 ETA: 31 days, 17:49:47 test Accuracy: 91.154384  Class avg mIOU: 73.875066  Inctance avg mIOU: 73.875066
2024-11-06 22:03:49,947 - ShapeNetPart - INFO - Save model...
2024-11-06 22:03:49,948 - ShapeNetPart - INFO - Saving at log/part_seg/exp_v3/checkpoints/best_model.pth
2024-11-06 22:03:50,958 - ShapeNetPart - INFO - Saving model....
2024-11-06 22:03:50,959 - ShapeNetPart - INFO - [Acc.] Best accuracy is: 91.83108
2024-11-06 22:03:50,959 - ShapeNetPart - INFO - [mIoU_C] Best class avg mIOU is: 73.87507
2024-11-06 22:03:50,959 - ShapeNetPart - INFO - [mIoU_I] Best inctance avg mIOU is: 73.87507
2024-11-06 22:03:50,959 - ShapeNetPart - INFO - Epoch 141 (141/300):
2024-11-06 22:07:02,738 - ShapeNetPart - INFO - Train accuracy is: 94.28656
2024-11-06 22:07:02,739 - ShapeNetPart - INFO - Train loss: 0.14677
2024-11-06 22:07:02,739 - ShapeNetPart - INFO - lr: 0.000111
2024-11-06 22:07:59,262 - ShapeNetPart - INFO - eval mIoU of Car            74.012230
2024-11-06 22:07:59,262 - ShapeNetPart - INFO - Epoch 141 ETA: 31 days, 18:29:14 test Accuracy: 90.718034  Class avg mIOU: 74.012230  Inctance avg mIOU: 74.012230
2024-11-06 22:07:59,262 - ShapeNetPart - INFO - Save model...
2024-11-06 22:07:59,263 - ShapeNetPart - INFO - Saving at log/part_seg/exp_v3/checkpoints/best_model.pth
2024-11-06 22:08:00,342 - ShapeNetPart - INFO - Saving model....
2024-11-06 22:08:00,342 - ShapeNetPart - INFO - [Acc.] Best accuracy is: 91.83108
2024-11-06 22:08:00,342 - ShapeNetPart - INFO - [mIoU_C] Best class avg mIOU is: 74.01223
2024-11-06 22:08:00,343 - ShapeNetPart - INFO - [mIoU_I] Best inctance avg mIOU is: 74.01223
2024-11-06 22:08:00,343 - ShapeNetPart - INFO - Epoch 142 (142/300):
2024-11-06 22:11:11,765 - ShapeNetPart - INFO - Train accuracy is: 94.62654
2024-11-06 22:11:11,765 - ShapeNetPart - INFO - Train loss: 0.13511
2024-11-06 22:11:11,765 - ShapeNetPart - INFO - lr: 0.000110
2024-11-06 22:12:07,963 - ShapeNetPart - INFO - eval mIoU of Car            73.491582
2024-11-06 22:12:07,964 - ShapeNetPart - INFO - Epoch 142 ETA: 31 days, 19:04:45 test Accuracy: 90.810634  Class avg mIOU: 73.491582  Inctance avg mIOU: 73.491582
2024-11-06 22:12:07,964 - ShapeNetPart - INFO - [Acc.] Best accuracy is: 91.83108
2024-11-06 22:12:07,964 - ShapeNetPart - INFO - [mIoU_C] Best class avg mIOU is: 74.01223
2024-11-06 22:12:07,964 - ShapeNetPart - INFO - [mIoU_I] Best inctance avg mIOU is: 74.01223
2024-11-06 22:12:07,964 - ShapeNetPart - INFO - Epoch 143 (143/300):
2024-11-06 22:15:15,589 - ShapeNetPart - INFO - Train accuracy is: 94.63438
2024-11-06 22:15:15,589 - ShapeNetPart - INFO - Train loss: 0.13501
2024-11-06 22:15:15,589 - ShapeNetPart - INFO - lr: 0.000109
2024-11-06 22:16:10,038 - ShapeNetPart - INFO - eval mIoU of Car            74.825287
2024-11-06 22:16:10,039 - ShapeNetPart - INFO - Epoch 143 ETA: 31 days, 19:36:13 test Accuracy: 90.860569  Class avg mIOU: 74.825287  Inctance avg mIOU: 74.825287
2024-11-06 22:16:10,039 - ShapeNetPart - INFO - Save model...
2024-11-06 22:16:10,039 - ShapeNetPart - INFO - Saving at log/part_seg/exp_v3/checkpoints/best_model.pth
2024-11-06 22:16:11,283 - ShapeNetPart - INFO - Saving model....
2024-11-06 22:16:11,284 - ShapeNetPart - INFO - [Acc.] Best accuracy is: 91.83108
2024-11-06 22:16:11,284 - ShapeNetPart - INFO - [mIoU_C] Best class avg mIOU is: 74.82529
2024-11-06 22:16:11,284 - ShapeNetPart - INFO - [mIoU_I] Best inctance avg mIOU is: 74.82529
2024-11-06 22:16:11,284 - ShapeNetPart - INFO - Epoch 144 (144/300):
2024-11-06 22:19:12,256 - ShapeNetPart - INFO - Train accuracy is: 94.47219
2024-11-06 22:19:12,257 - ShapeNetPart - INFO - Train loss: 0.14048
2024-11-06 22:19:12,257 - ShapeNetPart - INFO - lr: 0.000108
2024-11-06 22:20:07,591 - ShapeNetPart - INFO - eval mIoU of Car            74.093305
2024-11-06 22:20:07,591 - ShapeNetPart - INFO - Epoch 144 ETA: 31 days, 20:03:33 test Accuracy: 90.896506  Class avg mIOU: 74.093305  Inctance avg mIOU: 74.093305
2024-11-06 22:20:07,591 - ShapeNetPart - INFO - [Acc.] Best accuracy is: 91.83108
2024-11-06 22:20:07,591 - ShapeNetPart - INFO - [mIoU_C] Best class avg mIOU is: 74.82529
2024-11-06 22:20:07,592 - ShapeNetPart - INFO - [mIoU_I] Best inctance avg mIOU is: 74.82529
2024-11-06 22:20:07,592 - ShapeNetPart - INFO - Epoch 145 (145/300):
2024-11-06 22:23:10,909 - ShapeNetPart - INFO - Train accuracy is: 94.54664
2024-11-06 22:23:10,909 - ShapeNetPart - INFO - Train loss: 0.13837
2024-11-06 22:23:10,909 - ShapeNetPart - INFO - lr: 0.000107
2024-11-06 22:24:07,417 - ShapeNetPart - INFO - eval mIoU of Car            73.854934
2024-11-06 22:24:07,418 - ShapeNetPart - INFO - Epoch 145 ETA: 31 days, 20:26:48 test Accuracy: 91.989258  Class avg mIOU: 73.854934  Inctance avg mIOU: 73.854934
2024-11-06 22:24:07,418 - ShapeNetPart - INFO - [Acc.] Best accuracy is: 91.98926
2024-11-06 22:24:07,418 - ShapeNetPart - INFO - [mIoU_C] Best class avg mIOU is: 74.82529
2024-11-06 22:24:07,418 - ShapeNetPart - INFO - [mIoU_I] Best inctance avg mIOU is: 74.82529
2024-11-06 22:24:07,419 - ShapeNetPart - INFO - Epoch 146 (146/300):
2024-11-06 22:27:05,335 - ShapeNetPart - INFO - Train accuracy is: 94.69029
2024-11-06 22:27:05,336 - ShapeNetPart - INFO - Train loss: 0.13726
2024-11-06 22:27:05,336 - ShapeNetPart - INFO - lr: 0.000106
2024-11-06 22:28:02,395 - ShapeNetPart - INFO - eval mIoU of Car            74.433497
2024-11-06 22:28:02,396 - ShapeNetPart - INFO - Epoch 146 ETA: 31 days, 20:45:52 test Accuracy: 91.782639  Class avg mIOU: 74.433497  Inctance avg mIOU: 74.433497
2024-11-06 22:28:02,396 - ShapeNetPart - INFO - [Acc.] Best accuracy is: 91.98926
2024-11-06 22:28:02,396 - ShapeNetPart - INFO - [mIoU_C] Best class avg mIOU is: 74.82529
2024-11-06 22:28:02,396 - ShapeNetPart - INFO - [mIoU_I] Best inctance avg mIOU is: 74.82529
2024-11-06 22:28:02,396 - ShapeNetPart - INFO - Epoch 147 (147/300):
2024-11-06 22:31:08,860 - ShapeNetPart - INFO - Train accuracy is: 94.62670
2024-11-06 22:31:08,860 - ShapeNetPart - INFO - Train loss: 0.13613
2024-11-06 22:31:08,860 - ShapeNetPart - INFO - lr: 0.000105
2024-11-06 22:32:07,841 - ShapeNetPart - INFO - eval mIoU of Car            74.100493
2024-11-06 22:32:07,842 - ShapeNetPart - INFO - Epoch 147 ETA: 31 days, 21:00:57 test Accuracy: 92.159635  Class avg mIOU: 74.100493  Inctance avg mIOU: 74.100493
2024-11-06 22:32:07,842 - ShapeNetPart - INFO - [Acc.] Best accuracy is: 92.15964
2024-11-06 22:32:07,842 - ShapeNetPart - INFO - [mIoU_C] Best class avg mIOU is: 74.82529
2024-11-06 22:32:07,842 - ShapeNetPart - INFO - [mIoU_I] Best inctance avg mIOU is: 74.82529
2024-11-06 22:32:07,842 - ShapeNetPart - INFO - Epoch 148 (148/300):
2024-11-06 22:35:15,332 - ShapeNetPart - INFO - Train accuracy is: 94.71617
2024-11-06 22:35:15,332 - ShapeNetPart - INFO - Train loss: 0.13480
2024-11-06 22:35:15,333 - ShapeNetPart - INFO - lr: 0.000104
2024-11-06 22:36:10,350 - ShapeNetPart - INFO - eval mIoU of Car            73.913207
2024-11-06 22:36:10,351 - ShapeNetPart - INFO - Epoch 148 ETA: 31 days, 21:11:59 test Accuracy: 90.897548  Class avg mIOU: 73.913207  Inctance avg mIOU: 73.913207
2024-11-06 22:36:10,351 - ShapeNetPart - INFO - [Acc.] Best accuracy is: 92.15964
2024-11-06 22:36:10,351 - ShapeNetPart - INFO - [mIoU_C] Best class avg mIOU is: 74.82529
2024-11-06 22:36:10,352 - ShapeNetPart - INFO - [mIoU_I] Best inctance avg mIOU is: 74.82529
2024-11-06 22:36:10,352 - ShapeNetPart - INFO - Epoch 149 (149/300):
2024-11-06 22:39:19,527 - ShapeNetPart - INFO - Train accuracy is: 94.86369
2024-11-06 22:39:19,528 - ShapeNetPart - INFO - Train loss: 0.13117
2024-11-06 22:39:19,528 - ShapeNetPart - INFO - lr: 0.000103
2024-11-06 22:40:20,169 - ShapeNetPart - INFO - eval mIoU of Car            72.947174
2024-11-06 22:40:20,170 - ShapeNetPart - INFO - Epoch 149 ETA: 31 days, 21:19:07 test Accuracy: 90.601541  Class avg mIOU: 72.947174  Inctance avg mIOU: 72.947174
2024-11-06 22:40:20,170 - ShapeNetPart - INFO - [Acc.] Best accuracy is: 92.15964
2024-11-06 22:40:20,170 - ShapeNetPart - INFO - [mIoU_C] Best class avg mIOU is: 74.82529
2024-11-06 22:40:20,170 - ShapeNetPart - INFO - [mIoU_I] Best inctance avg mIOU is: 74.82529
2024-11-06 22:40:20,170 - ShapeNetPart - INFO - Epoch 150 (150/300):
2024-11-06 22:43:18,421 - ShapeNetPart - INFO - Train accuracy is: 94.54257
2024-11-06 22:43:18,422 - ShapeNetPart - INFO - Train loss: 0.13723
2024-11-06 22:43:18,422 - ShapeNetPart - INFO - lr: 0.000102
2024-11-06 22:44:14,930 - ShapeNetPart - INFO - eval mIoU of Car            75.580669
2024-11-06 22:44:14,931 - ShapeNetPart - INFO - Epoch 150 ETA: 31 days, 21:22:04 test Accuracy: 91.453103  Class avg mIOU: 75.580669  Inctance avg mIOU: 75.580669
2024-11-06 22:44:14,931 - ShapeNetPart - INFO - Save model...
2024-11-06 22:44:14,931 - ShapeNetPart - INFO - Saving at log/part_seg/exp_v3/checkpoints/best_model.pth
2024-11-06 22:44:15,979 - ShapeNetPart - INFO - Saving model....
2024-11-06 22:44:15,979 - ShapeNetPart - INFO - [Acc.] Best accuracy is: 92.15964
2024-11-06 22:44:15,979 - ShapeNetPart - INFO - [mIoU_C] Best class avg mIOU is: 75.58067
2024-11-06 22:44:15,979 - ShapeNetPart - INFO - [mIoU_I] Best inctance avg mIOU is: 75.58067
2024-11-06 22:44:15,979 - ShapeNetPart - INFO - Epoch 151 (151/300):
2024-11-06 22:47:18,194 - ShapeNetPart - INFO - Train accuracy is: 93.41175
2024-11-06 22:47:18,195 - ShapeNetPart - INFO - Train loss: 0.17251
2024-11-06 22:47:18,195 - ShapeNetPart - INFO - lr: 0.000101
2024-11-06 22:48:15,835 - ShapeNetPart - INFO - eval mIoU of Car            69.199608
2024-11-06 22:48:15,836 - ShapeNetPart - INFO - Epoch 151 ETA: 31 days, 21:20:57 test Accuracy: 89.676866  Class avg mIOU: 69.199608  Inctance avg mIOU: 69.199608
2024-11-06 22:48:15,836 - ShapeNetPart - INFO - [Acc.] Best accuracy is: 92.15964
2024-11-06 22:48:15,836 - ShapeNetPart - INFO - [mIoU_C] Best class avg mIOU is: 75.58067
2024-11-06 22:48:15,836 - ShapeNetPart - INFO - [mIoU_I] Best inctance avg mIOU is: 75.58067
2024-11-06 22:48:15,836 - ShapeNetPart - INFO - Epoch 152 (152/300):
2024-11-06 22:51:17,148 - ShapeNetPart - INFO - Train accuracy is: 94.53407
2024-11-06 22:51:17,149 - ShapeNetPart - INFO - Train loss: 0.13932
2024-11-06 22:51:17,149 - ShapeNetPart - INFO - lr: 0.000099
2024-11-06 22:52:12,356 - ShapeNetPart - INFO - eval mIoU of Car            74.772775
2024-11-06 22:52:12,357 - ShapeNetPart - INFO - Epoch 152 ETA: 31 days, 21:15:43 test Accuracy: 92.185720  Class avg mIOU: 74.772775  Inctance avg mIOU: 74.772775
2024-11-06 22:52:12,357 - ShapeNetPart - INFO - [Acc.] Best accuracy is: 92.18572
2024-11-06 22:52:12,357 - ShapeNetPart - INFO - [mIoU_C] Best class avg mIOU is: 75.58067
2024-11-06 22:52:12,357 - ShapeNetPart - INFO - [mIoU_I] Best inctance avg mIOU is: 75.58067
2024-11-06 22:52:12,357 - ShapeNetPart - INFO - Epoch 153 (153/300):
2024-11-06 22:55:11,732 - ShapeNetPart - INFO - Train accuracy is: 94.78770
2024-11-06 22:55:11,732 - ShapeNetPart - INFO - Train loss: 0.13352
2024-11-06 22:55:11,732 - ShapeNetPart - INFO - lr: 0.000098
2024-11-06 22:56:09,599 - ShapeNetPart - INFO - eval mIoU of Car            73.062428
2024-11-06 22:56:09,600 - ShapeNetPart - INFO - Epoch 153 ETA: 31 days, 21:06:20 test Accuracy: 92.111198  Class avg mIOU: 73.062428  Inctance avg mIOU: 73.062428
2024-11-06 22:56:09,600 - ShapeNetPart - INFO - [Acc.] Best accuracy is: 92.18572
2024-11-06 22:56:09,600 - ShapeNetPart - INFO - [mIoU_C] Best class avg mIOU is: 75.58067
2024-11-06 22:56:09,600 - ShapeNetPart - INFO - [mIoU_I] Best inctance avg mIOU is: 75.58067
2024-11-06 22:56:09,600 - ShapeNetPart - INFO - Epoch 154 (154/300):
2024-11-06 22:59:19,913 - ShapeNetPart - INFO - Train accuracy is: 94.51616
2024-11-06 22:59:19,914 - ShapeNetPart - INFO - Train loss: 0.13800
2024-11-06 22:59:19,914 - ShapeNetPart - INFO - lr: 0.000097
2024-11-06 23:00:14,615 - ShapeNetPart - INFO - eval mIoU of Car            74.125112
2024-11-06 23:00:14,616 - ShapeNetPart - INFO - Epoch 154 ETA: 31 days, 20:52:59 test Accuracy: 89.954839  Class avg mIOU: 74.125112  Inctance avg mIOU: 74.125112
2024-11-06 23:00:14,616 - ShapeNetPart - INFO - [Acc.] Best accuracy is: 92.18572
2024-11-06 23:00:14,616 - ShapeNetPart - INFO - [mIoU_C] Best class avg mIOU is: 75.58067
2024-11-06 23:00:14,617 - ShapeNetPart - INFO - [mIoU_I] Best inctance avg mIOU is: 75.58067
2024-11-06 23:00:14,617 - ShapeNetPart - INFO - Epoch 155 (155/300):
2024-11-06 23:03:25,584 - ShapeNetPart - INFO - Train accuracy is: 94.52094
2024-11-06 23:03:25,585 - ShapeNetPart - INFO - Train loss: 0.13869
2024-11-06 23:03:25,585 - ShapeNetPart - INFO - lr: 0.000096
2024-11-06 23:04:21,630 - ShapeNetPart - INFO - eval mIoU of Car            73.197387
2024-11-06 23:04:21,631 - ShapeNetPart - INFO - Epoch 155 ETA: 31 days, 20:35:39 test Accuracy: 92.440929  Class avg mIOU: 73.197387  Inctance avg mIOU: 73.197387
2024-11-06 23:04:21,631 - ShapeNetPart - INFO - [Acc.] Best accuracy is: 92.44093
2024-11-06 23:04:21,631 - ShapeNetPart - INFO - [mIoU_C] Best class avg mIOU is: 75.58067
2024-11-06 23:04:21,631 - ShapeNetPart - INFO - [mIoU_I] Best inctance avg mIOU is: 75.58067
2024-11-06 23:04:21,631 - ShapeNetPart - INFO - Epoch 156 (156/300):
2024-11-06 23:07:20,366 - ShapeNetPart - INFO - Train accuracy is: 94.70790
2024-11-06 23:07:20,367 - ShapeNetPart - INFO - Train loss: 0.13686
2024-11-06 23:07:20,367 - ShapeNetPart - INFO - lr: 0.000095
2024-11-06 23:08:18,144 - ShapeNetPart - INFO - eval mIoU of Car            74.043892
2024-11-06 23:08:18,145 - ShapeNetPart - INFO - Epoch 156 ETA: 31 days, 20:14:12 test Accuracy: 90.714280  Class avg mIOU: 74.043892  Inctance avg mIOU: 74.043892
2024-11-06 23:08:18,145 - ShapeNetPart - INFO - [Acc.] Best accuracy is: 92.44093
2024-11-06 23:08:18,145 - ShapeNetPart - INFO - [mIoU_C] Best class avg mIOU is: 75.58067
2024-11-06 23:08:18,145 - ShapeNetPart - INFO - [mIoU_I] Best inctance avg mIOU is: 75.58067
2024-11-06 23:08:18,146 - ShapeNetPart - INFO - Epoch 157 (157/300):
2024-11-06 23:11:20,182 - ShapeNetPart - INFO - Train accuracy is: 94.27249
2024-11-06 23:11:20,183 - ShapeNetPart - INFO - Train loss: 0.15327
2024-11-06 23:11:20,183 - ShapeNetPart - INFO - lr: 0.000094
2024-11-06 23:12:18,007 - ShapeNetPart - INFO - eval mIoU of Car            69.637254
2024-11-06 23:12:18,008 - ShapeNetPart - INFO - Epoch 157 ETA: 31 days, 19:48:40 test Accuracy: 90.432791  Class avg mIOU: 69.637254  Inctance avg mIOU: 69.637254
2024-11-06 23:12:18,008 - ShapeNetPart - INFO - [Acc.] Best accuracy is: 92.44093
2024-11-06 23:12:18,008 - ShapeNetPart - INFO - [mIoU_C] Best class avg mIOU is: 75.58067
2024-11-06 23:12:18,008 - ShapeNetPart - INFO - [mIoU_I] Best inctance avg mIOU is: 75.58067
2024-11-06 23:12:18,008 - ShapeNetPart - INFO - Epoch 158 (158/300):
2024-11-06 23:15:31,341 - ShapeNetPart - INFO - Train accuracy is: 94.05354
2024-11-06 23:15:31,342 - ShapeNetPart - INFO - Train loss: 0.15270
2024-11-06 23:15:31,342 - ShapeNetPart - INFO - lr: 0.000093
2024-11-06 23:16:26,689 - ShapeNetPart - INFO - eval mIoU of Car            71.526059
2024-11-06 23:16:26,690 - ShapeNetPart - INFO - Epoch 158 ETA: 31 days, 19:19:12 test Accuracy: 90.297309  Class avg mIOU: 71.526059  Inctance avg mIOU: 71.526059
2024-11-06 23:16:26,690 - ShapeNetPart - INFO - [Acc.] Best accuracy is: 92.44093
2024-11-06 23:16:26,690 - ShapeNetPart - INFO - [mIoU_C] Best class avg mIOU is: 75.58067
2024-11-06 23:16:26,690 - ShapeNetPart - INFO - [mIoU_I] Best inctance avg mIOU is: 75.58067
2024-11-06 23:16:26,690 - ShapeNetPart - INFO - Epoch 159 (159/300):
2024-11-06 23:19:36,000 - ShapeNetPart - INFO - Train accuracy is: 94.51609
2024-11-06 23:19:36,000 - ShapeNetPart - INFO - Train loss: 0.13823
2024-11-06 23:19:36,000 - ShapeNetPart - INFO - lr: 0.000092
2024-11-06 23:20:31,225 - ShapeNetPart - INFO - eval mIoU of Car            74.549268
2024-11-06 23:20:31,226 - ShapeNetPart - INFO - Epoch 159 ETA: 31 days, 18:45:43 test Accuracy: 90.802582  Class avg mIOU: 74.549268  Inctance avg mIOU: 74.549268
2024-11-06 23:20:31,227 - ShapeNetPart - INFO - [Acc.] Best accuracy is: 92.44093
2024-11-06 23:20:31,227 - ShapeNetPart - INFO - [mIoU_C] Best class avg mIOU is: 75.58067
2024-11-06 23:20:31,227 - ShapeNetPart - INFO - [mIoU_I] Best inctance avg mIOU is: 75.58067
2024-11-06 23:20:31,227 - ShapeNetPart - INFO - Epoch 160 (160/300):
2024-11-06 23:23:34,325 - ShapeNetPart - INFO - Train accuracy is: 94.81762
2024-11-06 23:23:34,325 - ShapeNetPart - INFO - Train loss: 0.13176
2024-11-06 23:23:34,325 - ShapeNetPart - INFO - lr: 0.000091
2024-11-06 23:24:31,857 - ShapeNetPart - INFO - eval mIoU of Car            74.038484
2024-11-06 23:24:31,858 - ShapeNetPart - INFO - Epoch 160 ETA: 31 days, 18:08:10 test Accuracy: 91.168403  Class avg mIOU: 74.038484  Inctance avg mIOU: 74.038484
2024-11-06 23:24:31,858 - ShapeNetPart - INFO - [Acc.] Best accuracy is: 92.44093
2024-11-06 23:24:31,858 - ShapeNetPart - INFO - [mIoU_C] Best class avg mIOU is: 75.58067
2024-11-06 23:24:31,858 - ShapeNetPart - INFO - [mIoU_I] Best inctance avg mIOU is: 75.58067
2024-11-06 23:24:31,858 - ShapeNetPart - INFO - Epoch 161 (161/300):
2024-11-06 23:27:45,019 - ShapeNetPart - INFO - Train accuracy is: 94.89218
2024-11-06 23:27:45,020 - ShapeNetPart - INFO - Train loss: 0.12778
2024-11-06 23:27:45,020 - ShapeNetPart - INFO - lr: 0.000090
2024-11-06 23:28:44,618 - ShapeNetPart - INFO - eval mIoU of Car            75.291090
2024-11-06 23:28:44,619 - ShapeNetPart - INFO - Epoch 161 ETA: 31 days, 17:26:44 test Accuracy: 92.708160  Class avg mIOU: 75.291090  Inctance avg mIOU: 75.291090
2024-11-06 23:28:44,619 - ShapeNetPart - INFO - [Acc.] Best accuracy is: 92.70816
2024-11-06 23:28:44,619 - ShapeNetPart - INFO - [mIoU_C] Best class avg mIOU is: 75.58067
2024-11-06 23:28:44,619 - ShapeNetPart - INFO - [mIoU_I] Best inctance avg mIOU is: 75.58067
2024-11-06 23:28:44,619 - ShapeNetPart - INFO - Epoch 162 (162/300):
2024-11-06 23:31:52,410 - ShapeNetPart - INFO - Train accuracy is: 95.25165
2024-11-06 23:31:52,411 - ShapeNetPart - INFO - Train loss: 0.12307
2024-11-06 23:31:52,411 - ShapeNetPart - INFO - lr: 0.000089
2024-11-06 23:32:52,902 - ShapeNetPart - INFO - eval mIoU of Car            75.288098
2024-11-06 23:32:52,902 - ShapeNetPart - INFO - Epoch 162 ETA: 31 days, 16:41:21 test Accuracy: 92.340777  Class avg mIOU: 75.288098  Inctance avg mIOU: 75.288098
2024-11-06 23:32:52,902 - ShapeNetPart - INFO - [Acc.] Best accuracy is: 92.70816
2024-11-06 23:32:52,902 - ShapeNetPart - INFO - [mIoU_C] Best class avg mIOU is: 75.58067
2024-11-06 23:32:52,903 - ShapeNetPart - INFO - [mIoU_I] Best inctance avg mIOU is: 75.58067
2024-11-06 23:32:52,903 - ShapeNetPart - INFO - Epoch 163 (163/300):
2024-11-06 23:35:56,051 - ShapeNetPart - INFO - Train accuracy is: 95.32200
2024-11-06 23:35:56,056 - ShapeNetPart - INFO - Train loss: 0.11823
2024-11-06 23:35:56,056 - ShapeNetPart - INFO - lr: 0.000088
2024-11-06 23:36:54,151 - ShapeNetPart - INFO - eval mIoU of Car            75.188866
2024-11-06 23:36:54,152 - ShapeNetPart - INFO - Epoch 163 ETA: 31 days, 15:51:54 test Accuracy: 92.818793  Class avg mIOU: 75.188866  Inctance avg mIOU: 75.188866
2024-11-06 23:36:54,152 - ShapeNetPart - INFO - [Acc.] Best accuracy is: 92.81879
2024-11-06 23:36:54,152 - ShapeNetPart - INFO - [mIoU_C] Best class avg mIOU is: 75.58067
2024-11-06 23:36:54,152 - ShapeNetPart - INFO - [mIoU_I] Best inctance avg mIOU is: 75.58067
2024-11-06 23:36:54,153 - ShapeNetPart - INFO - Epoch 164 (164/300):
2024-11-06 23:40:01,026 - ShapeNetPart - INFO - Train accuracy is: 95.12335
2024-11-06 23:40:01,027 - ShapeNetPart - INFO - Train loss: 0.12188
2024-11-06 23:40:01,027 - ShapeNetPart - INFO - lr: 0.000087
2024-11-06 23:40:55,860 - ShapeNetPart - INFO - eval mIoU of Car            74.438395
2024-11-06 23:40:55,861 - ShapeNetPart - INFO - Epoch 164 ETA: 31 days, 14:58:24 test Accuracy: 90.430881  Class avg mIOU: 74.438395  Inctance avg mIOU: 74.438395
2024-11-06 23:40:55,861 - ShapeNetPart - INFO - [Acc.] Best accuracy is: 92.81879
2024-11-06 23:40:55,861 - ShapeNetPart - INFO - [mIoU_C] Best class avg mIOU is: 75.58067
2024-11-06 23:40:55,861 - ShapeNetPart - INFO - [mIoU_I] Best inctance avg mIOU is: 75.58067
2024-11-06 23:40:55,862 - ShapeNetPart - INFO - Epoch 165 (165/300):
2024-11-06 23:43:57,846 - ShapeNetPart - INFO - Train accuracy is: 95.04130
2024-11-06 23:43:57,846 - ShapeNetPart - INFO - Train loss: 0.12709
2024-11-06 23:43:57,846 - ShapeNetPart - INFO - lr: 0.000086
2024-11-06 23:44:55,830 - ShapeNetPart - INFO - eval mIoU of Car            73.932191
2024-11-06 23:44:55,831 - ShapeNetPart - INFO - Epoch 165 ETA: 31 days, 14:00:49 test Accuracy: 92.330751  Class avg mIOU: 73.932191  Inctance avg mIOU: 73.932191
2024-11-06 23:44:55,831 - ShapeNetPart - INFO - [Acc.] Best accuracy is: 92.81879
2024-11-06 23:44:55,831 - ShapeNetPart - INFO - [mIoU_C] Best class avg mIOU is: 75.58067
2024-11-06 23:44:55,831 - ShapeNetPart - INFO - [mIoU_I] Best inctance avg mIOU is: 75.58067
2024-11-06 23:44:55,831 - ShapeNetPart - INFO - Epoch 166 (166/300):
2024-11-06 23:48:17,546 - ShapeNetPart - INFO - Train accuracy is: 95.08325
2024-11-06 23:48:17,547 - ShapeNetPart - INFO - Train loss: 0.12495
2024-11-06 23:48:17,547 - ShapeNetPart - INFO - lr: 0.000085
2024-11-06 23:49:13,810 - ShapeNetPart - INFO - eval mIoU of Car            75.403681
2024-11-06 23:49:13,811 - ShapeNetPart - INFO - Epoch 166 ETA: 31 days, 12:59:24 test Accuracy: 91.676953  Class avg mIOU: 75.403681  Inctance avg mIOU: 75.403681
2024-11-06 23:49:13,811 - ShapeNetPart - INFO - [Acc.] Best accuracy is: 92.81879
2024-11-06 23:49:13,811 - ShapeNetPart - INFO - [mIoU_C] Best class avg mIOU is: 75.58067
2024-11-06 23:49:13,811 - ShapeNetPart - INFO - [mIoU_I] Best inctance avg mIOU is: 75.58067
2024-11-06 23:49:13,811 - ShapeNetPart - INFO - Epoch 167 (167/300):
2024-11-06 23:52:23,158 - ShapeNetPart - INFO - Train accuracy is: 95.10757
2024-11-06 23:52:23,159 - ShapeNetPart - INFO - Train loss: 0.12346
2024-11-06 23:52:23,159 - ShapeNetPart - INFO - lr: 0.000084
2024-11-06 23:53:22,225 - ShapeNetPart - INFO - eval mIoU of Car            75.614434
2024-11-06 23:53:22,225 - ShapeNetPart - INFO - Epoch 167 ETA: 31 days, 11:54:02 test Accuracy: 91.024826  Class avg mIOU: 75.614434  Inctance avg mIOU: 75.614434
2024-11-06 23:53:22,225 - ShapeNetPart - INFO - Save model...
2024-11-06 23:53:22,225 - ShapeNetPart - INFO - Saving at log/part_seg/exp_v3/checkpoints/best_model.pth
2024-11-06 23:53:23,348 - ShapeNetPart - INFO - Saving model....
2024-11-06 23:53:23,348 - ShapeNetPart - INFO - [Acc.] Best accuracy is: 92.81879
2024-11-06 23:53:23,349 - ShapeNetPart - INFO - [mIoU_C] Best class avg mIOU is: 75.61443
2024-11-06 23:53:23,349 - ShapeNetPart - INFO - [mIoU_I] Best inctance avg mIOU is: 75.61443
2024-11-06 23:53:23,349 - ShapeNetPart - INFO - Epoch 168 (168/300):
2024-11-06 23:56:24,332 - ShapeNetPart - INFO - Train accuracy is: 95.10119
2024-11-06 23:56:24,333 - ShapeNetPart - INFO - Train loss: 0.12287
2024-11-06 23:56:24,333 - ShapeNetPart - INFO - lr: 0.000083
2024-11-06 23:57:20,168 - ShapeNetPart - INFO - eval mIoU of Car            74.617071
2024-11-06 23:57:20,169 - ShapeNetPart - INFO - Epoch 168 ETA: 31 days, 10:44:32 test Accuracy: 92.176411  Class avg mIOU: 74.617071  Inctance avg mIOU: 74.617071
2024-11-06 23:57:20,169 - ShapeNetPart - INFO - [Acc.] Best accuracy is: 92.81879
2024-11-06 23:57:20,170 - ShapeNetPart - INFO - [mIoU_C] Best class avg mIOU is: 75.61443
2024-11-06 23:57:20,170 - ShapeNetPart - INFO - [mIoU_I] Best inctance avg mIOU is: 75.61443
2024-11-06 23:57:20,170 - ShapeNetPart - INFO - Epoch 169 (169/300):
2024-11-07 00:00:20,898 - ShapeNetPart - INFO - Train accuracy is: 95.06246
2024-11-07 00:00:20,898 - ShapeNetPart - INFO - Train loss: 0.12355
2024-11-07 00:00:20,899 - ShapeNetPart - INFO - lr: 0.000082
2024-11-07 00:01:21,396 - ShapeNetPart - INFO - eval mIoU of Car            75.280993
2024-11-07 00:01:21,397 - ShapeNetPart - INFO - Epoch 169 ETA: 31 days, 9:30:59 test Accuracy: 92.121745  Class avg mIOU: 75.280993  Inctance avg mIOU: 75.280993
2024-11-07 00:01:21,397 - ShapeNetPart - INFO - [Acc.] Best accuracy is: 92.81879
2024-11-07 00:01:21,398 - ShapeNetPart - INFO - [mIoU_C] Best class avg mIOU is: 75.61443
2024-11-07 00:01:21,398 - ShapeNetPart - INFO - [mIoU_I] Best inctance avg mIOU is: 75.61443
2024-11-07 00:01:21,398 - ShapeNetPart - INFO - Epoch 170 (170/300):
2024-11-07 00:04:21,468 - ShapeNetPart - INFO - Train accuracy is: 95.38352
2024-11-07 00:04:21,469 - ShapeNetPart - INFO - Train loss: 0.11676
2024-11-07 00:04:21,469 - ShapeNetPart - INFO - lr: 0.000081
2024-11-07 00:05:17,638 - ShapeNetPart - INFO - eval mIoU of Car            75.175030
2024-11-07 00:05:17,638 - ShapeNetPart - INFO - Epoch 170 ETA: 31 days, 8:13:18 test Accuracy: 92.488520  Class avg mIOU: 75.175030  Inctance avg mIOU: 75.175030
2024-11-07 00:05:17,638 - ShapeNetPart - INFO - [Acc.] Best accuracy is: 92.81879
2024-11-07 00:05:17,638 - ShapeNetPart - INFO - [mIoU_C] Best class avg mIOU is: 75.61443
2024-11-07 00:05:17,638 - ShapeNetPart - INFO - [mIoU_I] Best inctance avg mIOU is: 75.61443
2024-11-07 00:05:17,638 - ShapeNetPart - INFO - Epoch 171 (171/300):
2024-11-07 00:08:30,488 - ShapeNetPart - INFO - Train accuracy is: 95.15589
2024-11-07 00:08:30,488 - ShapeNetPart - INFO - Train loss: 0.12004
2024-11-07 00:08:30,488 - ShapeNetPart - INFO - lr: 0.000080
2024-11-07 00:09:32,252 - ShapeNetPart - INFO - eval mIoU of Car            75.235981
2024-11-07 00:09:32,253 - ShapeNetPart - INFO - Epoch 171 ETA: 31 days, 6:51:44 test Accuracy: 92.627018  Class avg mIOU: 75.235981  Inctance avg mIOU: 75.235981
2024-11-07 00:09:32,253 - ShapeNetPart - INFO - [Acc.] Best accuracy is: 92.81879
2024-11-07 00:09:32,254 - ShapeNetPart - INFO - [mIoU_C] Best class avg mIOU is: 75.61443
2024-11-07 00:09:32,254 - ShapeNetPart - INFO - [mIoU_I] Best inctance avg mIOU is: 75.61443
2024-11-07 00:09:32,254 - ShapeNetPart - INFO - Epoch 172 (172/300):
2024-11-07 00:12:51,093 - ShapeNetPart - INFO - Train accuracy is: 95.28295
2024-11-07 00:12:51,094 - ShapeNetPart - INFO - Train loss: 0.12037
2024-11-07 00:12:51,094 - ShapeNetPart - INFO - lr: 0.000079
2024-11-07 00:13:45,858 - ShapeNetPart - INFO - eval mIoU of Car            75.312128
2024-11-07 00:13:45,858 - ShapeNetPart - INFO - Epoch 172 ETA: 31 days, 5:26:15 test Accuracy: 92.390842  Class avg mIOU: 75.312128  Inctance avg mIOU: 75.312128
2024-11-07 00:13:45,859 - ShapeNetPart - INFO - [Acc.] Best accuracy is: 92.81879
2024-11-07 00:13:45,859 - ShapeNetPart - INFO - [mIoU_C] Best class avg mIOU is: 75.61443
2024-11-07 00:13:45,859 - ShapeNetPart - INFO - [mIoU_I] Best inctance avg mIOU is: 75.61443
2024-11-07 00:13:45,859 - ShapeNetPart - INFO - Epoch 173 (173/300):
2024-11-07 00:17:02,338 - ShapeNetPart - INFO - Train accuracy is: 94.61812
2024-11-07 00:17:02,339 - ShapeNetPart - INFO - Train loss: 0.13985
2024-11-07 00:17:02,339 - ShapeNetPart - INFO - lr: 0.000078
2024-11-07 00:18:02,147 - ShapeNetPart - INFO - eval mIoU of Car            70.612888
2024-11-07 00:18:02,147 - ShapeNetPart - INFO - Epoch 173 ETA: 31 days, 3:56:54 test Accuracy: 89.301324  Class avg mIOU: 70.612888  Inctance avg mIOU: 70.612888
2024-11-07 00:18:02,147 - ShapeNetPart - INFO - [Acc.] Best accuracy is: 92.81879
2024-11-07 00:18:02,147 - ShapeNetPart - INFO - [mIoU_C] Best class avg mIOU is: 75.61443
2024-11-07 00:18:02,147 - ShapeNetPart - INFO - [mIoU_I] Best inctance avg mIOU is: 75.61443
2024-11-07 00:18:02,147 - ShapeNetPart - INFO - Epoch 174 (174/300):
2024-11-07 00:21:14,113 - ShapeNetPart - INFO - Train accuracy is: 94.85306
2024-11-07 00:21:14,113 - ShapeNetPart - INFO - Train loss: 0.13266
2024-11-07 00:21:14,113 - ShapeNetPart - INFO - lr: 0.000077
2024-11-07 00:22:08,417 - ShapeNetPart - INFO - eval mIoU of Car            74.285810
2024-11-07 00:22:08,417 - ShapeNetPart - INFO - Epoch 174 ETA: 31 days, 2:23:31 test Accuracy: 90.633832  Class avg mIOU: 74.285810  Inctance avg mIOU: 74.285810
2024-11-07 00:22:08,417 - ShapeNetPart - INFO - [Acc.] Best accuracy is: 92.81879
2024-11-07 00:22:08,417 - ShapeNetPart - INFO - [mIoU_C] Best class avg mIOU is: 75.61443
2024-11-07 00:22:08,417 - ShapeNetPart - INFO - [mIoU_I] Best inctance avg mIOU is: 75.61443
2024-11-07 00:22:08,417 - ShapeNetPart - INFO - Epoch 175 (175/300):
2024-11-07 00:25:10,725 - ShapeNetPart - INFO - Train accuracy is: 94.69643
2024-11-07 00:25:10,726 - ShapeNetPart - INFO - Train loss: 0.15168
2024-11-07 00:25:10,726 - ShapeNetPart - INFO - lr: 0.000076
2024-11-07 00:26:09,766 - ShapeNetPart - INFO - eval mIoU of Car            74.861614
2024-11-07 00:26:09,767 - ShapeNetPart - INFO - Epoch 175 ETA: 31 days, 0:46:05 test Accuracy: 90.715538  Class avg mIOU: 74.861614  Inctance avg mIOU: 74.861614
2024-11-07 00:26:09,767 - ShapeNetPart - INFO - [Acc.] Best accuracy is: 92.81879
2024-11-07 00:26:09,767 - ShapeNetPart - INFO - [mIoU_C] Best class avg mIOU is: 75.61443
2024-11-07 00:26:09,768 - ShapeNetPart - INFO - [mIoU_I] Best inctance avg mIOU is: 75.61443
2024-11-07 00:26:09,768 - ShapeNetPart - INFO - Epoch 176 (176/300):
2024-11-07 00:29:15,927 - ShapeNetPart - INFO - Train accuracy is: 95.33483
2024-11-07 00:29:15,928 - ShapeNetPart - INFO - Train loss: 0.11958
2024-11-07 00:29:15,928 - ShapeNetPart - INFO - lr: 0.000075
2024-11-07 00:30:14,177 - ShapeNetPart - INFO - eval mIoU of Car            75.583815
2024-11-07 00:30:14,178 - ShapeNetPart - INFO - Epoch 176 ETA: 30 days, 23:04:36 test Accuracy: 91.686415  Class avg mIOU: 75.583815  Inctance avg mIOU: 75.583815
2024-11-07 00:30:14,178 - ShapeNetPart - INFO - [Acc.] Best accuracy is: 92.81879
2024-11-07 00:30:14,178 - ShapeNetPart - INFO - [mIoU_C] Best class avg mIOU is: 75.61443
2024-11-07 00:30:14,178 - ShapeNetPart - INFO - [mIoU_I] Best inctance avg mIOU is: 75.61443
2024-11-07 00:30:14,178 - ShapeNetPart - INFO - Epoch 177 (177/300):
2024-11-07 00:33:21,124 - ShapeNetPart - INFO - Train accuracy is: 95.25989
2024-11-07 00:33:21,125 - ShapeNetPart - INFO - Train loss: 0.12060
2024-11-07 00:33:21,125 - ShapeNetPart - INFO - lr: 0.000074
2024-11-07 00:34:18,887 - ShapeNetPart - INFO - eval mIoU of Car            76.104568
2024-11-07 00:34:18,888 - ShapeNetPart - INFO - Epoch 177 ETA: 30 days, 21:19:06 test Accuracy: 91.673611  Class avg mIOU: 76.104568  Inctance avg mIOU: 76.104568
2024-11-07 00:34:18,888 - ShapeNetPart - INFO - Save model...
2024-11-07 00:34:18,888 - ShapeNetPart - INFO - Saving at log/part_seg/exp_v3/checkpoints/best_model.pth
2024-11-07 00:34:20,116 - ShapeNetPart - INFO - Saving model....
2024-11-07 00:34:20,117 - ShapeNetPart - INFO - [Acc.] Best accuracy is: 92.81879
2024-11-07 00:34:20,117 - ShapeNetPart - INFO - [mIoU_C] Best class avg mIOU is: 76.10457
2024-11-07 00:34:20,117 - ShapeNetPart - INFO - [mIoU_I] Best inctance avg mIOU is: 76.10457
2024-11-07 00:34:20,117 - ShapeNetPart - INFO - Epoch 178 (178/300):
2024-11-07 00:37:23,528 - ShapeNetPart - INFO - Train accuracy is: 95.43571
2024-11-07 00:37:23,528 - ShapeNetPart - INFO - Train loss: 0.11667
2024-11-07 00:37:23,528 - ShapeNetPart - INFO - lr: 0.000073
2024-11-07 00:38:17,810 - ShapeNetPart - INFO - eval mIoU of Car            74.934010
2024-11-07 00:38:17,810 - ShapeNetPart - INFO - Epoch 178 ETA: 30 days, 19:29:29 test Accuracy: 91.732118  Class avg mIOU: 74.934010  Inctance avg mIOU: 74.934010
2024-11-07 00:38:17,810 - ShapeNetPart - INFO - [Acc.] Best accuracy is: 92.81879
2024-11-07 00:38:17,810 - ShapeNetPart - INFO - [mIoU_C] Best class avg mIOU is: 76.10457
2024-11-07 00:38:17,810 - ShapeNetPart - INFO - [mIoU_I] Best inctance avg mIOU is: 76.10457
2024-11-07 00:38:17,811 - ShapeNetPart - INFO - Epoch 179 (179/300):
2024-11-07 00:41:27,094 - ShapeNetPart - INFO - Train accuracy is: 95.41860
2024-11-07 00:41:27,095 - ShapeNetPart - INFO - Train loss: 0.11571
2024-11-07 00:41:27,095 - ShapeNetPart - INFO - lr: 0.000072
2024-11-07 00:42:22,515 - ShapeNetPart - INFO - eval mIoU of Car            75.551412
2024-11-07 00:42:22,515 - ShapeNetPart - INFO - Epoch 179 ETA: 30 days, 17:35:51 test Accuracy: 91.776411  Class avg mIOU: 75.551412  Inctance avg mIOU: 75.551412
2024-11-07 00:42:22,515 - ShapeNetPart - INFO - [Acc.] Best accuracy is: 92.81879
2024-11-07 00:42:22,515 - ShapeNetPart - INFO - [mIoU_C] Best class avg mIOU is: 76.10457
2024-11-07 00:42:22,515 - ShapeNetPart - INFO - [mIoU_I] Best inctance avg mIOU is: 76.10457
2024-11-07 00:42:22,516 - ShapeNetPart - INFO - Epoch 180 (180/300):
2024-11-07 00:45:34,317 - ShapeNetPart - INFO - Train accuracy is: 95.27612
2024-11-07 00:45:34,318 - ShapeNetPart - INFO - Train loss: 0.12386
2024-11-07 00:45:34,318 - ShapeNetPart - INFO - lr: 0.000071
2024-11-07 00:46:29,868 - ShapeNetPart - INFO - eval mIoU of Car            74.993898
2024-11-07 00:46:29,869 - ShapeNetPart - INFO - Epoch 180 ETA: 30 days, 15:38:12 test Accuracy: 90.803993  Class avg mIOU: 74.993898  Inctance avg mIOU: 74.993898
2024-11-07 00:46:29,869 - ShapeNetPart - INFO - [Acc.] Best accuracy is: 92.81879
2024-11-07 00:46:29,869 - ShapeNetPart - INFO - [mIoU_C] Best class avg mIOU is: 76.10457
2024-11-07 00:46:29,869 - ShapeNetPart - INFO - [mIoU_I] Best inctance avg mIOU is: 76.10457
2024-11-07 00:46:29,869 - ShapeNetPart - INFO - Epoch 181 (181/300):
2024-11-07 00:49:39,369 - ShapeNetPart - INFO - Train accuracy is: 94.58032
2024-11-07 00:49:39,369 - ShapeNetPart - INFO - Train loss: 0.13658
2024-11-07 00:49:39,369 - ShapeNetPart - INFO - lr: 0.000070
2024-11-07 00:50:33,119 - ShapeNetPart - INFO - eval mIoU of Car            74.277245
2024-11-07 00:50:33,120 - ShapeNetPart - INFO - Epoch 181 ETA: 30 days, 13:36:31 test Accuracy: 91.262956  Class avg mIOU: 74.277245  Inctance avg mIOU: 74.277245
2024-11-07 00:50:33,120 - ShapeNetPart - INFO - [Acc.] Best accuracy is: 92.81879
2024-11-07 00:50:33,120 - ShapeNetPart - INFO - [mIoU_C] Best class avg mIOU is: 76.10457
2024-11-07 00:50:33,120 - ShapeNetPart - INFO - [mIoU_I] Best inctance avg mIOU is: 76.10457
2024-11-07 00:50:33,120 - ShapeNetPart - INFO - Epoch 182 (182/300):
2024-11-07 00:53:33,548 - ShapeNetPart - INFO - Train accuracy is: 95.29093
2024-11-07 00:53:33,549 - ShapeNetPart - INFO - Train loss: 0.11904
2024-11-07 00:53:33,549 - ShapeNetPart - INFO - lr: 0.000069
2024-11-07 00:54:28,078 - ShapeNetPart - INFO - eval mIoU of Car            76.518582
2024-11-07 00:54:28,079 - ShapeNetPart - INFO - Epoch 182 ETA: 30 days, 11:30:41 test Accuracy: 91.999262  Class avg mIOU: 76.518582  Inctance avg mIOU: 76.518582
2024-11-07 00:54:28,080 - ShapeNetPart - INFO - Save model...
2024-11-07 00:54:28,080 - ShapeNetPart - INFO - Saving at log/part_seg/exp_v3/checkpoints/best_model.pth
2024-11-07 00:54:29,291 - ShapeNetPart - INFO - Saving model....
2024-11-07 00:54:29,291 - ShapeNetPart - INFO - [Acc.] Best accuracy is: 92.81879
2024-11-07 00:54:29,292 - ShapeNetPart - INFO - [mIoU_C] Best class avg mIOU is: 76.51858
2024-11-07 00:54:29,292 - ShapeNetPart - INFO - [mIoU_I] Best inctance avg mIOU is: 76.51858
2024-11-07 00:54:29,292 - ShapeNetPart - INFO - Epoch 183 (183/300):
2024-11-07 00:57:35,166 - ShapeNetPart - INFO - Train accuracy is: 95.12399
2024-11-07 00:57:35,167 - ShapeNetPart - INFO - Train loss: 0.12551
2024-11-07 00:57:35,167 - ShapeNetPart - INFO - lr: 0.000068
2024-11-07 00:58:31,077 - ShapeNetPart - INFO - eval mIoU of Car            76.121327
2024-11-07 00:58:31,078 - ShapeNetPart - INFO - Epoch 183 ETA: 30 days, 9:20:48 test Accuracy: 91.828950  Class avg mIOU: 76.121327  Inctance avg mIOU: 76.121327
2024-11-07 00:58:31,078 - ShapeNetPart - INFO - [Acc.] Best accuracy is: 92.81879
2024-11-07 00:58:31,078 - ShapeNetPart - INFO - [mIoU_C] Best class avg mIOU is: 76.51858
2024-11-07 00:58:31,078 - ShapeNetPart - INFO - [mIoU_I] Best inctance avg mIOU is: 76.51858
2024-11-07 00:58:31,078 - ShapeNetPart - INFO - Epoch 184 (184/300):
2024-11-07 01:01:42,915 - ShapeNetPart - INFO - Train accuracy is: 95.34032
2024-11-07 01:01:42,916 - ShapeNetPart - INFO - Train loss: 0.11883
2024-11-07 01:01:42,916 - ShapeNetPart - INFO - lr: 0.000067
2024-11-07 01:02:41,510 - ShapeNetPart - INFO - eval mIoU of Car            77.063046
2024-11-07 01:02:41,511 - ShapeNetPart - INFO - Epoch 184 ETA: 30 days, 7:06:57 test Accuracy: 92.200217  Class avg mIOU: 77.063046  Inctance avg mIOU: 77.063046
2024-11-07 01:02:41,511 - ShapeNetPart - INFO - Save model...
2024-11-07 01:02:41,511 - ShapeNetPart - INFO - Saving at log/part_seg/exp_v3/checkpoints/best_model.pth
2024-11-07 01:02:42,539 - ShapeNetPart - INFO - Saving model....
2024-11-07 01:02:42,539 - ShapeNetPart - INFO - [Acc.] Best accuracy is: 92.81879
2024-11-07 01:02:42,539 - ShapeNetPart - INFO - [mIoU_C] Best class avg mIOU is: 77.06305
2024-11-07 01:02:42,539 - ShapeNetPart - INFO - [mIoU_I] Best inctance avg mIOU is: 77.06305
2024-11-07 01:02:42,539 - ShapeNetPart - INFO - Epoch 185 (185/300):
2024-11-07 01:05:43,433 - ShapeNetPart - INFO - Train accuracy is: 95.53749
2024-11-07 01:05:43,434 - ShapeNetPart - INFO - Train loss: 0.11261
2024-11-07 01:05:43,434 - ShapeNetPart - INFO - lr: 0.000066
2024-11-07 01:06:43,648 - ShapeNetPart - INFO - eval mIoU of Car            77.238350
2024-11-07 01:06:43,649 - ShapeNetPart - INFO - Epoch 185 ETA: 30 days, 4:49:02 test Accuracy: 91.865820  Class avg mIOU: 77.238350  Inctance avg mIOU: 77.238350
2024-11-07 01:06:43,649 - ShapeNetPart - INFO - Save model...
2024-11-07 01:06:43,649 - ShapeNetPart - INFO - Saving at log/part_seg/exp_v3/checkpoints/best_model.pth
2024-11-07 01:06:44,817 - ShapeNetPart - INFO - Saving model....
2024-11-07 01:06:44,817 - ShapeNetPart - INFO - [Acc.] Best accuracy is: 92.81879
2024-11-07 01:06:44,817 - ShapeNetPart - INFO - [mIoU_C] Best class avg mIOU is: 77.23835
2024-11-07 01:06:44,818 - ShapeNetPart - INFO - [mIoU_I] Best inctance avg mIOU is: 77.23835
2024-11-07 01:06:44,818 - ShapeNetPart - INFO - Epoch 186 (186/300):
2024-11-07 01:10:04,455 - ShapeNetPart - INFO - Train accuracy is: 95.64157
2024-11-07 01:10:04,455 - ShapeNetPart - INFO - Train loss: 0.11043
2024-11-07 01:10:04,455 - ShapeNetPart - INFO - lr: 0.000065
2024-11-07 01:11:01,988 - ShapeNetPart - INFO - eval mIoU of Car            76.216526
2024-11-07 01:11:01,989 - ShapeNetPart - INFO - Epoch 186 ETA: 30 days, 2:27:14 test Accuracy: 91.898134  Class avg mIOU: 76.216526  Inctance avg mIOU: 76.216526
2024-11-07 01:11:01,989 - ShapeNetPart - INFO - [Acc.] Best accuracy is: 92.81879
2024-11-07 01:11:01,989 - ShapeNetPart - INFO - [mIoU_C] Best class avg mIOU is: 77.23835
2024-11-07 01:11:01,989 - ShapeNetPart - INFO - [mIoU_I] Best inctance avg mIOU is: 77.23835
2024-11-07 01:11:01,989 - ShapeNetPart - INFO - Epoch 187 (187/300):
2024-11-07 01:14:11,182 - ShapeNetPart - INFO - Train accuracy is: 95.61695
2024-11-07 01:14:11,182 - ShapeNetPart - INFO - Train loss: 0.11125
2024-11-07 01:14:11,182 - ShapeNetPart - INFO - lr: 0.000064
2024-11-07 01:15:05,209 - ShapeNetPart - INFO - eval mIoU of Car            77.201402
2024-11-07 01:15:05,210 - ShapeNetPart - INFO - Epoch 187 ETA: 30 days, 0:01:22 test Accuracy: 92.085720  Class avg mIOU: 77.201402  Inctance avg mIOU: 77.201402
2024-11-07 01:15:05,210 - ShapeNetPart - INFO - [Acc.] Best accuracy is: 92.81879
2024-11-07 01:15:05,210 - ShapeNetPart - INFO - [mIoU_C] Best class avg mIOU is: 77.23835
2024-11-07 01:15:05,210 - ShapeNetPart - INFO - [mIoU_I] Best inctance avg mIOU is: 77.23835
2024-11-07 01:15:05,210 - ShapeNetPart - INFO - Epoch 188 (188/300):
2024-11-07 01:18:10,801 - ShapeNetPart - INFO - Train accuracy is: 95.60433
2024-11-07 01:18:10,802 - ShapeNetPart - INFO - Train loss: 0.10983
2024-11-07 01:18:10,802 - ShapeNetPart - INFO - lr: 0.000063
2024-11-07 01:19:04,389 - ShapeNetPart - INFO - eval mIoU of Car            77.071379
2024-11-07 01:19:04,389 - ShapeNetPart - INFO - Epoch 188 ETA: 29 days, 21:31:25 test Accuracy: 91.698047  Class avg mIOU: 77.071379  Inctance avg mIOU: 77.071379
2024-11-07 01:19:04,389 - ShapeNetPart - INFO - [Acc.] Best accuracy is: 92.81879
2024-11-07 01:19:04,389 - ShapeNetPart - INFO - [mIoU_C] Best class avg mIOU is: 77.23835
2024-11-07 01:19:04,390 - ShapeNetPart - INFO - [mIoU_I] Best inctance avg mIOU is: 77.23835
2024-11-07 01:19:04,390 - ShapeNetPart - INFO - Epoch 189 (189/300):
2024-11-07 01:22:05,638 - ShapeNetPart - INFO - Train accuracy is: 95.52622
2024-11-07 01:22:05,639 - ShapeNetPart - INFO - Train loss: 0.11244
2024-11-07 01:22:05,639 - ShapeNetPart - INFO - lr: 0.000062
2024-11-07 01:23:00,698 - ShapeNetPart - INFO - eval mIoU of Car            76.288138
2024-11-07 01:23:00,700 - ShapeNetPart - INFO - Epoch 189 ETA: 29 days, 18:57:20 test Accuracy: 91.750998  Class avg mIOU: 76.288138  Inctance avg mIOU: 76.288138
2024-11-07 01:23:00,700 - ShapeNetPart - INFO - [Acc.] Best accuracy is: 92.81879
2024-11-07 01:23:00,700 - ShapeNetPart - INFO - [mIoU_C] Best class avg mIOU is: 77.23835
2024-11-07 01:23:00,701 - ShapeNetPart - INFO - [mIoU_I] Best inctance avg mIOU is: 77.23835
2024-11-07 01:23:00,701 - ShapeNetPart - INFO - Epoch 190 (190/300):
2024-11-07 01:25:55,783 - ShapeNetPart - INFO - Train accuracy is: 95.67294
2024-11-07 01:25:55,784 - ShapeNetPart - INFO - Train loss: 0.10921
2024-11-07 01:25:55,784 - ShapeNetPart - INFO - lr: 0.000061
2024-11-07 01:26:49,774 - ShapeNetPart - INFO - eval mIoU of Car            75.496576
2024-11-07 01:26:49,774 - ShapeNetPart - INFO - Epoch 190 ETA: 29 days, 16:19:05 test Accuracy: 91.803320  Class avg mIOU: 75.496576  Inctance avg mIOU: 75.496576
2024-11-07 01:26:49,774 - ShapeNetPart - INFO - [Acc.] Best accuracy is: 92.81879
2024-11-07 01:26:49,774 - ShapeNetPart - INFO - [mIoU_C] Best class avg mIOU is: 77.23835
2024-11-07 01:26:49,775 - ShapeNetPart - INFO - [mIoU_I] Best inctance avg mIOU is: 77.23835
2024-11-07 01:26:49,775 - ShapeNetPart - INFO - Epoch 191 (191/300):
2024-11-07 01:29:48,642 - ShapeNetPart - INFO - Train accuracy is: 95.67657
2024-11-07 01:29:48,642 - ShapeNetPart - INFO - Train loss: 0.10862
2024-11-07 01:29:48,642 - ShapeNetPart - INFO - lr: 0.000060
2024-11-07 01:30:49,383 - ShapeNetPart - INFO - eval mIoU of Car            76.789481
2024-11-07 01:30:49,383 - ShapeNetPart - INFO - Epoch 191 ETA: 29 days, 13:36:44 test Accuracy: 91.586762  Class avg mIOU: 76.789481  Inctance avg mIOU: 76.789481
2024-11-07 01:30:49,383 - ShapeNetPart - INFO - [Acc.] Best accuracy is: 92.81879
2024-11-07 01:30:49,383 - ShapeNetPart - INFO - [mIoU_C] Best class avg mIOU is: 77.23835
2024-11-07 01:30:49,383 - ShapeNetPart - INFO - [mIoU_I] Best inctance avg mIOU is: 77.23835
2024-11-07 01:30:49,383 - ShapeNetPart - INFO - Epoch 192 (192/300):
2024-11-07 01:33:53,570 - ShapeNetPart - INFO - Train accuracy is: 95.74710
2024-11-07 01:33:53,571 - ShapeNetPart - INFO - Train loss: 0.10766
2024-11-07 01:33:53,571 - ShapeNetPart - INFO - lr: 0.000059
2024-11-07 01:34:50,922 - ShapeNetPart - INFO - eval mIoU of Car            76.418289
2024-11-07 01:34:50,923 - ShapeNetPart - INFO - Epoch 192 ETA: 29 days, 10:50:19 test Accuracy: 90.751714  Class avg mIOU: 76.418289  Inctance avg mIOU: 76.418289
2024-11-07 01:34:50,923 - ShapeNetPart - INFO - [Acc.] Best accuracy is: 92.81879
2024-11-07 01:34:50,923 - ShapeNetPart - INFO - [mIoU_C] Best class avg mIOU is: 77.23835
2024-11-07 01:34:50,923 - ShapeNetPart - INFO - [mIoU_I] Best inctance avg mIOU is: 77.23835
2024-11-07 01:34:50,923 - ShapeNetPart - INFO - Epoch 193 (193/300):
2024-11-07 01:37:47,693 - ShapeNetPart - INFO - Train accuracy is: 95.25785
2024-11-07 01:37:47,694 - ShapeNetPart - INFO - Train loss: 0.12002
2024-11-07 01:37:47,694 - ShapeNetPart - INFO - lr: 0.000058
2024-11-07 01:38:45,064 - ShapeNetPart - INFO - eval mIoU of Car            76.310238
2024-11-07 01:38:45,065 - ShapeNetPart - INFO - Epoch 193 ETA: 29 days, 7:59:47 test Accuracy: 91.995833  Class avg mIOU: 76.310238  Inctance avg mIOU: 76.310238
2024-11-07 01:38:45,065 - ShapeNetPart - INFO - [Acc.] Best accuracy is: 92.81879
2024-11-07 01:38:45,065 - ShapeNetPart - INFO - [mIoU_C] Best class avg mIOU is: 77.23835
2024-11-07 01:38:45,065 - ShapeNetPart - INFO - [mIoU_I] Best inctance avg mIOU is: 77.23835
2024-11-07 01:38:45,065 - ShapeNetPart - INFO - Epoch 194 (194/300):
2024-11-07 01:41:40,915 - ShapeNetPart - INFO - Train accuracy is: 95.50816
2024-11-07 01:41:40,915 - ShapeNetPart - INFO - Train loss: 0.11533
2024-11-07 01:41:40,915 - ShapeNetPart - INFO - lr: 0.000057
2024-11-07 01:42:40,597 - ShapeNetPart - INFO - eval mIoU of Car            76.664935
2024-11-07 01:42:40,598 - ShapeNetPart - INFO - Epoch 194 ETA: 29 days, 5:05:08 test Accuracy: 92.308160  Class avg mIOU: 76.664935  Inctance avg mIOU: 76.664935
2024-11-07 01:42:40,598 - ShapeNetPart - INFO - [Acc.] Best accuracy is: 92.81879
2024-11-07 01:42:40,598 - ShapeNetPart - INFO - [mIoU_C] Best class avg mIOU is: 77.23835
2024-11-07 01:42:40,598 - ShapeNetPart - INFO - [mIoU_I] Best inctance avg mIOU is: 77.23835
2024-11-07 01:42:40,598 - ShapeNetPart - INFO - Epoch 195 (195/300):
2024-11-07 01:45:39,664 - ShapeNetPart - INFO - Train accuracy is: 95.78493
2024-11-07 01:45:39,665 - ShapeNetPart - INFO - Train loss: 0.10636
2024-11-07 01:45:39,665 - ShapeNetPart - INFO - lr: 0.000056
2024-11-07 01:46:34,427 - ShapeNetPart - INFO - eval mIoU of Car            76.051473
2024-11-07 01:46:34,427 - ShapeNetPart - INFO - Epoch 195 ETA: 29 days, 2:06:21 test Accuracy: 91.780859  Class avg mIOU: 76.051473  Inctance avg mIOU: 76.051473
2024-11-07 01:46:34,427 - ShapeNetPart - INFO - [Acc.] Best accuracy is: 92.81879
2024-11-07 01:46:34,427 - ShapeNetPart - INFO - [mIoU_C] Best class avg mIOU is: 77.23835
2024-11-07 01:46:34,427 - ShapeNetPart - INFO - [mIoU_I] Best inctance avg mIOU is: 77.23835
2024-11-07 01:46:34,427 - ShapeNetPart - INFO - Epoch 196 (196/300):
2024-11-07 01:49:31,723 - ShapeNetPart - INFO - Train accuracy is: 95.76550
2024-11-07 01:49:31,723 - ShapeNetPart - INFO - Train loss: 0.10737
2024-11-07 01:49:31,723 - ShapeNetPart - INFO - lr: 0.000055
2024-11-07 01:50:28,408 - ShapeNetPart - INFO - eval mIoU of Car            76.797099
2024-11-07 01:50:28,408 - ShapeNetPart - INFO - Epoch 196 ETA: 28 days, 23:03:27 test Accuracy: 91.416970  Class avg mIOU: 76.797099  Inctance avg mIOU: 76.797099
2024-11-07 01:50:28,409 - ShapeNetPart - INFO - [Acc.] Best accuracy is: 92.81879
2024-11-07 01:50:28,409 - ShapeNetPart - INFO - [mIoU_C] Best class avg mIOU is: 77.23835
2024-11-07 01:50:28,409 - ShapeNetPart - INFO - [mIoU_I] Best inctance avg mIOU is: 77.23835
2024-11-07 01:50:28,409 - ShapeNetPart - INFO - Epoch 197 (197/300):
2024-11-07 01:53:22,274 - ShapeNetPart - INFO - Train accuracy is: 95.68357
2024-11-07 01:53:22,275 - ShapeNetPart - INFO - Train loss: 0.11102
2024-11-07 01:53:22,275 - ShapeNetPart - INFO - lr: 0.000054
2024-11-07 01:54:19,626 - ShapeNetPart - INFO - eval mIoU of Car            75.829214
2024-11-07 01:54:19,627 - ShapeNetPart - INFO - Epoch 197 ETA: 28 days, 19:56:24 test Accuracy: 91.642122  Class avg mIOU: 75.829214  Inctance avg mIOU: 75.829214
2024-11-07 01:54:19,627 - ShapeNetPart - INFO - [Acc.] Best accuracy is: 92.81879
2024-11-07 01:54:19,627 - ShapeNetPart - INFO - [mIoU_C] Best class avg mIOU is: 77.23835
2024-11-07 01:54:19,627 - ShapeNetPart - INFO - [mIoU_I] Best inctance avg mIOU is: 77.23835
2024-11-07 01:54:19,627 - ShapeNetPart - INFO - Epoch 198 (198/300):
2024-11-07 01:57:26,461 - ShapeNetPart - INFO - Train accuracy is: 95.73350
2024-11-07 01:57:26,462 - ShapeNetPart - INFO - Train loss: 0.10720
2024-11-07 01:57:26,462 - ShapeNetPart - INFO - lr: 0.000053
2024-11-07 01:58:29,398 - ShapeNetPart - INFO - eval mIoU of Car            76.396570
2024-11-07 01:58:29,399 - ShapeNetPart - INFO - Epoch 198 ETA: 28 days, 16:45:23 test Accuracy: 92.244965  Class avg mIOU: 76.396570  Inctance avg mIOU: 76.396570
2024-11-07 01:58:29,399 - ShapeNetPart - INFO - [Acc.] Best accuracy is: 92.81879
2024-11-07 01:58:29,399 - ShapeNetPart - INFO - [mIoU_C] Best class avg mIOU is: 77.23835
2024-11-07 01:58:29,399 - ShapeNetPart - INFO - [mIoU_I] Best inctance avg mIOU is: 77.23835
2024-11-07 01:58:29,399 - ShapeNetPart - INFO - Epoch 199 (199/300):
2024-11-07 02:01:41,267 - ShapeNetPart - INFO - Train accuracy is: 95.67643
2024-11-07 02:01:41,268 - ShapeNetPart - INFO - Train loss: 0.10804
2024-11-07 02:01:41,268 - ShapeNetPart - INFO - lr: 0.000053
2024-11-07 02:02:36,179 - ShapeNetPart - INFO - eval mIoU of Car            77.113295
2024-11-07 02:02:36,179 - ShapeNetPart - INFO - Epoch 199 ETA: 28 days, 13:30:21 test Accuracy: 93.040885  Class avg mIOU: 77.113295  Inctance avg mIOU: 77.113295
2024-11-07 02:02:36,179 - ShapeNetPart - INFO - [Acc.] Best accuracy is: 93.04089
2024-11-07 02:02:36,180 - ShapeNetPart - INFO - [mIoU_C] Best class avg mIOU is: 77.23835
2024-11-07 02:02:36,180 - ShapeNetPart - INFO - [mIoU_I] Best inctance avg mIOU is: 77.23835
2024-11-07 02:02:36,180 - ShapeNetPart - INFO - Epoch 200 (200/300):
2024-11-07 02:05:37,372 - ShapeNetPart - INFO - Train accuracy is: 95.72456
2024-11-07 02:05:37,372 - ShapeNetPart - INFO - Train loss: 0.10622
2024-11-07 02:05:37,372 - ShapeNetPart - INFO - lr: 0.000052
2024-11-07 02:06:32,574 - ShapeNetPart - INFO - eval mIoU of Car            77.704980
2024-11-07 02:06:32,575 - ShapeNetPart - INFO - Epoch 200 ETA: 28 days, 10:11:13 test Accuracy: 92.452474  Class avg mIOU: 77.704980  Inctance avg mIOU: 77.704980
2024-11-07 02:06:32,575 - ShapeNetPart - INFO - Save model...
2024-11-07 02:06:32,575 - ShapeNetPart - INFO - Saving at log/part_seg/exp_v3/checkpoints/best_model.pth
2024-11-07 02:06:33,794 - ShapeNetPart - INFO - Saving model....
2024-11-07 02:06:33,794 - ShapeNetPart - INFO - [Acc.] Best accuracy is: 93.04089
2024-11-07 02:06:33,794 - ShapeNetPart - INFO - [mIoU_C] Best class avg mIOU is: 77.70498
2024-11-07 02:06:33,795 - ShapeNetPart - INFO - [mIoU_I] Best inctance avg mIOU is: 77.70498
2024-11-07 02:06:33,795 - ShapeNetPart - INFO - Epoch 201 (201/300):
2024-11-07 02:09:40,162 - ShapeNetPart - INFO - Train accuracy is: 95.72462
2024-11-07 02:09:40,163 - ShapeNetPart - INFO - Train loss: 0.10683
2024-11-07 02:09:40,163 - ShapeNetPart - INFO - lr: 0.000051
2024-11-07 02:10:35,233 - ShapeNetPart - INFO - eval mIoU of Car            76.498557
2024-11-07 02:10:35,234 - ShapeNetPart - INFO - Epoch 201 ETA: 28 days, 6:48:04 test Accuracy: 92.356076  Class avg mIOU: 76.498557  Inctance avg mIOU: 76.498557
2024-11-07 02:10:35,234 - ShapeNetPart - INFO - [Acc.] Best accuracy is: 93.04089
2024-11-07 02:10:35,234 - ShapeNetPart - INFO - [mIoU_C] Best class avg mIOU is: 77.70498
2024-11-07 02:10:35,234 - ShapeNetPart - INFO - [mIoU_I] Best inctance avg mIOU is: 77.70498
2024-11-07 02:10:35,234 - ShapeNetPart - INFO - Epoch 202 (202/300):
2024-11-07 02:13:35,960 - ShapeNetPart - INFO - Train accuracy is: 95.87165
2024-11-07 02:13:35,975 - ShapeNetPart - INFO - Train loss: 0.10555
2024-11-07 02:13:35,975 - ShapeNetPart - INFO - lr: 0.000050
2024-11-07 02:14:33,487 - ShapeNetPart - INFO - eval mIoU of Car            76.791193
2024-11-07 02:14:33,488 - ShapeNetPart - INFO - Epoch 202 ETA: 28 days, 3:20:49 test Accuracy: 92.306988  Class avg mIOU: 76.791193  Inctance avg mIOU: 76.791193
2024-11-07 02:14:33,488 - ShapeNetPart - INFO - [Acc.] Best accuracy is: 93.04089
2024-11-07 02:14:33,488 - ShapeNetPart - INFO - [mIoU_C] Best class avg mIOU is: 77.70498
2024-11-07 02:14:33,488 - ShapeNetPart - INFO - [mIoU_I] Best inctance avg mIOU is: 77.70498
2024-11-07 02:14:33,488 - ShapeNetPart - INFO - Epoch 203 (203/300):
2024-11-07 02:17:31,999 - ShapeNetPart - INFO - Train accuracy is: 95.72491
2024-11-07 02:17:32,000 - ShapeNetPart - INFO - Train loss: 0.10788
2024-11-07 02:17:32,000 - ShapeNetPart - INFO - lr: 0.000049
2024-11-07 02:18:30,614 - ShapeNetPart - INFO - eval mIoU of Car            77.050069
2024-11-07 02:18:30,615 - ShapeNetPart - INFO - Epoch 203 ETA: 27 days, 23:49:30 test Accuracy: 92.511003  Class avg mIOU: 77.050069  Inctance avg mIOU: 77.050069
2024-11-07 02:18:30,615 - ShapeNetPart - INFO - [Acc.] Best accuracy is: 93.04089
2024-11-07 02:18:30,616 - ShapeNetPart - INFO - [mIoU_C] Best class avg mIOU is: 77.70498
2024-11-07 02:18:30,616 - ShapeNetPart - INFO - [mIoU_I] Best inctance avg mIOU is: 77.70498
2024-11-07 02:18:30,616 - ShapeNetPart - INFO - Epoch 204 (204/300):
2024-11-07 02:21:38,949 - ShapeNetPart - INFO - Train accuracy is: 95.82972
2024-11-07 02:21:38,949 - ShapeNetPart - INFO - Train loss: 0.10409
2024-11-07 02:21:38,950 - ShapeNetPart - INFO - lr: 0.000048
2024-11-07 02:22:33,649 - ShapeNetPart - INFO - eval mIoU of Car            77.501942
2024-11-07 02:22:33,650 - ShapeNetPart - INFO - Epoch 204 ETA: 27 days, 20:14:08 test Accuracy: 93.356076  Class avg mIOU: 77.501942  Inctance avg mIOU: 77.501942
2024-11-07 02:22:33,650 - ShapeNetPart - INFO - [Acc.] Best accuracy is: 93.35608
2024-11-07 02:22:33,650 - ShapeNetPart - INFO - [mIoU_C] Best class avg mIOU is: 77.70498
2024-11-07 02:22:33,650 - ShapeNetPart - INFO - [mIoU_I] Best inctance avg mIOU is: 77.70498
2024-11-07 02:22:33,650 - ShapeNetPart - INFO - Epoch 205 (205/300):
2024-11-07 02:25:47,495 - ShapeNetPart - INFO - Train accuracy is: 95.89426
2024-11-07 02:25:47,496 - ShapeNetPart - INFO - Train loss: 0.10406
2024-11-07 02:25:47,496 - ShapeNetPart - INFO - lr: 0.000047
2024-11-07 02:26:41,530 - ShapeNetPart - INFO - eval mIoU of Car            76.860038
2024-11-07 02:26:41,530 - ShapeNetPart - INFO - Epoch 205 ETA: 27 days, 16:34:46 test Accuracy: 92.779188  Class avg mIOU: 76.860038  Inctance avg mIOU: 76.860038
2024-11-07 02:26:41,530 - ShapeNetPart - INFO - [Acc.] Best accuracy is: 93.35608
2024-11-07 02:26:41,530 - ShapeNetPart - INFO - [mIoU_C] Best class avg mIOU is: 77.70498
2024-11-07 02:26:41,530 - ShapeNetPart - INFO - [mIoU_I] Best inctance avg mIOU is: 77.70498
2024-11-07 02:26:41,530 - ShapeNetPart - INFO - Epoch 206 (206/300):
2024-11-07 02:29:45,622 - ShapeNetPart - INFO - Train accuracy is: 95.76710
2024-11-07 02:29:45,622 - ShapeNetPart - INFO - Train loss: 0.10246
2024-11-07 02:29:45,622 - ShapeNetPart - INFO - lr: 0.000046
2024-11-07 02:30:43,398 - ShapeNetPart - INFO - eval mIoU of Car            77.083554
2024-11-07 02:30:43,398 - ShapeNetPart - INFO - Epoch 206 ETA: 27 days, 12:51:22 test Accuracy: 93.216515  Class avg mIOU: 77.083554  Inctance avg mIOU: 77.083554
2024-11-07 02:30:43,399 - ShapeNetPart - INFO - [Acc.] Best accuracy is: 93.35608
2024-11-07 02:30:43,399 - ShapeNetPart - INFO - [mIoU_C] Best class avg mIOU is: 77.70498
2024-11-07 02:30:43,399 - ShapeNetPart - INFO - [mIoU_I] Best inctance avg mIOU is: 77.70498
2024-11-07 02:30:43,399 - ShapeNetPart - INFO - Epoch 207 (207/300):
2024-11-07 02:33:43,623 - ShapeNetPart - INFO - Train accuracy is: 95.81176
2024-11-07 02:33:43,624 - ShapeNetPart - INFO - Train loss: 0.10418
2024-11-07 02:33:43,624 - ShapeNetPart - INFO - lr: 0.000045
2024-11-07 02:34:38,185 - ShapeNetPart - INFO - eval mIoU of Car            77.060042
2024-11-07 02:34:38,186 - ShapeNetPart - INFO - Epoch 207 ETA: 27 days, 9:03:52 test Accuracy: 92.048220  Class avg mIOU: 77.060042  Inctance avg mIOU: 77.060042
2024-11-07 02:34:38,186 - ShapeNetPart - INFO - [Acc.] Best accuracy is: 93.35608
2024-11-07 02:34:38,186 - ShapeNetPart - INFO - [mIoU_C] Best class avg mIOU is: 77.70498
2024-11-07 02:34:38,186 - ShapeNetPart - INFO - [mIoU_I] Best inctance avg mIOU is: 77.70498
2024-11-07 02:34:38,186 - ShapeNetPart - INFO - Epoch 208 (208/300):
2024-11-07 02:37:44,602 - ShapeNetPart - INFO - Train accuracy is: 95.91578
2024-11-07 02:37:44,602 - ShapeNetPart - INFO - Train loss: 0.10331
2024-11-07 02:37:44,602 - ShapeNetPart - INFO - lr: 0.000045
2024-11-07 02:38:39,171 - ShapeNetPart - INFO - eval mIoU of Car            77.368233
2024-11-07 02:38:39,172 - ShapeNetPart - INFO - Epoch 208 ETA: 27 days, 5:12:19 test Accuracy: 92.033507  Class avg mIOU: 77.368233  Inctance avg mIOU: 77.368233
2024-11-07 02:38:39,172 - ShapeNetPart - INFO - [Acc.] Best accuracy is: 93.35608
2024-11-07 02:38:39,172 - ShapeNetPart - INFO - [mIoU_C] Best class avg mIOU is: 77.70498
2024-11-07 02:38:39,172 - ShapeNetPart - INFO - [mIoU_I] Best inctance avg mIOU is: 77.70498
2024-11-07 02:38:39,172 - ShapeNetPart - INFO - Epoch 209 (209/300):
2024-11-07 02:41:47,284 - ShapeNetPart - INFO - Train accuracy is: 95.90348
2024-11-07 02:41:47,284 - ShapeNetPart - INFO - Train loss: 0.10356
2024-11-07 02:41:47,285 - ShapeNetPart - INFO - lr: 0.000044
2024-11-07 02:42:46,640 - ShapeNetPart - INFO - eval mIoU of Car            77.837064
2024-11-07 02:42:46,640 - ShapeNetPart - INFO - Epoch 209 ETA: 27 days, 1:16:45 test Accuracy: 92.537044  Class avg mIOU: 77.837064  Inctance avg mIOU: 77.837064
2024-11-07 02:42:46,640 - ShapeNetPart - INFO - Save model...
2024-11-07 02:42:46,640 - ShapeNetPart - INFO - Saving at log/part_seg/exp_v3/checkpoints/best_model.pth
2024-11-07 02:42:47,787 - ShapeNetPart - INFO - Saving model....
2024-11-07 02:42:47,787 - ShapeNetPart - INFO - [Acc.] Best accuracy is: 93.35608
2024-11-07 02:42:47,787 - ShapeNetPart - INFO - [mIoU_C] Best class avg mIOU is: 77.83706
2024-11-07 02:42:47,787 - ShapeNetPart - INFO - [mIoU_I] Best inctance avg mIOU is: 77.83706
2024-11-07 02:42:47,787 - ShapeNetPart - INFO - Epoch 210 (210/300):
2024-11-07 02:45:53,189 - ShapeNetPart - INFO - Train accuracy is: 95.92045
2024-11-07 02:45:53,189 - ShapeNetPart - INFO - Train loss: 0.10186
2024-11-07 02:45:53,189 - ShapeNetPart - INFO - lr: 0.000043
2024-11-07 02:46:48,180 - ShapeNetPart - INFO - eval mIoU of Car            77.124630
2024-11-07 02:46:48,181 - ShapeNetPart - INFO - Epoch 210 ETA: 26 days, 21:17:09 test Accuracy: 92.606749  Class avg mIOU: 77.124630  Inctance avg mIOU: 77.124630
2024-11-07 02:46:48,181 - ShapeNetPart - INFO - [Acc.] Best accuracy is: 93.35608
2024-11-07 02:46:48,181 - ShapeNetPart - INFO - [mIoU_C] Best class avg mIOU is: 77.83706
2024-11-07 02:46:48,181 - ShapeNetPart - INFO - [mIoU_I] Best inctance avg mIOU is: 77.83706
2024-11-07 02:46:48,181 - ShapeNetPart - INFO - Epoch 211 (211/300):
2024-11-07 02:49:49,902 - ShapeNetPart - INFO - Train accuracy is: 95.98314
2024-11-07 02:49:49,902 - ShapeNetPart - INFO - Train loss: 0.10061
2024-11-07 02:49:49,902 - ShapeNetPart - INFO - lr: 0.000042
2024-11-07 02:50:45,019 - ShapeNetPart - INFO - eval mIoU of Car            77.221216
2024-11-07 02:50:45,019 - ShapeNetPart - INFO - Epoch 211 ETA: 26 days, 17:13:28 test Accuracy: 91.863390  Class avg mIOU: 77.221216  Inctance avg mIOU: 77.221216
2024-11-07 02:50:45,019 - ShapeNetPart - INFO - [Acc.] Best accuracy is: 93.35608
2024-11-07 02:50:45,020 - ShapeNetPart - INFO - [mIoU_C] Best class avg mIOU is: 77.83706
2024-11-07 02:50:45,020 - ShapeNetPart - INFO - [mIoU_I] Best inctance avg mIOU is: 77.83706
2024-11-07 02:50:45,020 - ShapeNetPart - INFO - Epoch 212 (212/300):
2024-11-07 02:54:00,223 - ShapeNetPart - INFO - Train accuracy is: 96.03308
2024-11-07 02:54:00,224 - ShapeNetPart - INFO - Train loss: 0.09988
2024-11-07 02:54:00,224 - ShapeNetPart - INFO - lr: 0.000041
2024-11-07 02:54:56,782 - ShapeNetPart - INFO - eval mIoU of Car            77.521629
2024-11-07 02:54:56,782 - ShapeNetPart - INFO - Epoch 212 ETA: 26 days, 13:05:48 test Accuracy: 92.519705  Class avg mIOU: 77.521629  Inctance avg mIOU: 77.521629
2024-11-07 02:54:56,782 - ShapeNetPart - INFO - [Acc.] Best accuracy is: 93.35608
2024-11-07 02:54:56,782 - ShapeNetPart - INFO - [mIoU_C] Best class avg mIOU is: 77.83706
2024-11-07 02:54:56,782 - ShapeNetPart - INFO - [mIoU_I] Best inctance avg mIOU is: 77.83706
2024-11-07 02:54:56,782 - ShapeNetPart - INFO - Epoch 213 (213/300):
2024-11-07 02:58:02,579 - ShapeNetPart - INFO - Train accuracy is: 96.01105
2024-11-07 02:58:02,580 - ShapeNetPart - INFO - Train loss: 0.10010
2024-11-07 02:58:02,580 - ShapeNetPart - INFO - lr: 0.000040
2024-11-07 02:59:01,718 - ShapeNetPart - INFO - eval mIoU of Car            76.861479
2024-11-07 02:59:01,718 - ShapeNetPart - INFO - Epoch 213 ETA: 26 days, 8:54:08 test Accuracy: 91.894727  Class avg mIOU: 76.861479  Inctance avg mIOU: 76.861479
2024-11-07 02:59:01,718 - ShapeNetPart - INFO - [Acc.] Best accuracy is: 93.35608
2024-11-07 02:59:01,718 - ShapeNetPart - INFO - [mIoU_C] Best class avg mIOU is: 77.83706
2024-11-07 02:59:01,718 - ShapeNetPart - INFO - [mIoU_I] Best inctance avg mIOU is: 77.83706
2024-11-07 02:59:01,718 - ShapeNetPart - INFO - Epoch 214 (214/300):
2024-11-07 03:02:08,248 - ShapeNetPart - INFO - Train accuracy is: 96.05969
2024-11-07 03:02:08,248 - ShapeNetPart - INFO - Train loss: 0.09950
2024-11-07 03:02:08,249 - ShapeNetPart - INFO - lr: 0.000040
2024-11-07 03:03:04,731 - ShapeNetPart - INFO - eval mIoU of Car            75.858366
2024-11-07 03:03:04,732 - ShapeNetPart - INFO - Epoch 214 ETA: 26 days, 4:38:24 test Accuracy: 91.447287  Class avg mIOU: 75.858366  Inctance avg mIOU: 75.858366
2024-11-07 03:03:04,732 - ShapeNetPart - INFO - [Acc.] Best accuracy is: 93.35608
2024-11-07 03:03:04,732 - ShapeNetPart - INFO - [mIoU_C] Best class avg mIOU is: 77.83706
2024-11-07 03:03:04,732 - ShapeNetPart - INFO - [mIoU_I] Best inctance avg mIOU is: 77.83706
2024-11-07 03:03:04,732 - ShapeNetPart - INFO - Epoch 215 (215/300):
2024-11-07 03:06:08,455 - ShapeNetPart - INFO - Train accuracy is: 96.04269
2024-11-07 03:06:08,455 - ShapeNetPart - INFO - Train loss: 0.09831
2024-11-07 03:06:08,455 - ShapeNetPart - INFO - lr: 0.000039
2024-11-07 03:07:02,998 - ShapeNetPart - INFO - eval mIoU of Car            76.647049
2024-11-07 03:07:02,998 - ShapeNetPart - INFO - Epoch 215 ETA: 26 days, 0:18:37 test Accuracy: 92.343815  Class avg mIOU: 76.647049  Inctance avg mIOU: 76.647049
2024-11-07 03:07:02,998 - ShapeNetPart - INFO - [Acc.] Best accuracy is: 93.35608
2024-11-07 03:07:02,999 - ShapeNetPart - INFO - [mIoU_C] Best class avg mIOU is: 77.83706
2024-11-07 03:07:02,999 - ShapeNetPart - INFO - [mIoU_I] Best inctance avg mIOU is: 77.83706
2024-11-07 03:07:02,999 - ShapeNetPart - INFO - Epoch 216 (216/300):
2024-11-07 03:10:01,788 - ShapeNetPart - INFO - Train accuracy is: 96.04301
2024-11-07 03:10:01,789 - ShapeNetPart - INFO - Train loss: 0.09947
2024-11-07 03:10:01,789 - ShapeNetPart - INFO - lr: 0.000038
2024-11-07 03:10:58,322 - ShapeNetPart - INFO - eval mIoU of Car            77.338142
2024-11-07 03:10:58,322 - ShapeNetPart - INFO - Epoch 216 ETA: 25 days, 19:54:44 test Accuracy: 91.969813  Class avg mIOU: 77.338142  Inctance avg mIOU: 77.338142
2024-11-07 03:10:58,322 - ShapeNetPart - INFO - [Acc.] Best accuracy is: 93.35608
2024-11-07 03:10:58,322 - ShapeNetPart - INFO - [mIoU_C] Best class avg mIOU is: 77.83706
2024-11-07 03:10:58,322 - ShapeNetPart - INFO - [mIoU_I] Best inctance avg mIOU is: 77.83706
2024-11-07 03:10:58,322 - ShapeNetPart - INFO - Epoch 217 (217/300):
2024-11-07 03:14:03,778 - ShapeNetPart - INFO - Train accuracy is: 96.00102
2024-11-07 03:14:03,778 - ShapeNetPart - INFO - Train loss: 0.09846
2024-11-07 03:14:03,778 - ShapeNetPart - INFO - lr: 0.000037
2024-11-07 03:14:58,881 - ShapeNetPart - INFO - eval mIoU of Car            77.596557
2024-11-07 03:14:58,882 - ShapeNetPart - INFO - Epoch 217 ETA: 25 days, 15:26:49 test Accuracy: 92.762826  Class avg mIOU: 77.596557  Inctance avg mIOU: 77.596557
2024-11-07 03:14:58,882 - ShapeNetPart - INFO - [Acc.] Best accuracy is: 93.35608
2024-11-07 03:14:58,882 - ShapeNetPart - INFO - [mIoU_C] Best class avg mIOU is: 77.83706
2024-11-07 03:14:58,883 - ShapeNetPart - INFO - [mIoU_I] Best inctance avg mIOU is: 77.83706
2024-11-07 03:14:58,883 - ShapeNetPart - INFO - Epoch 218 (218/300):
2024-11-07 03:17:59,082 - ShapeNetPart - INFO - Train accuracy is: 95.99093
2024-11-07 03:17:59,083 - ShapeNetPart - INFO - Train loss: 0.09946
2024-11-07 03:17:59,083 - ShapeNetPart - INFO - lr: 0.000036
2024-11-07 03:18:55,964 - ShapeNetPart - INFO - eval mIoU of Car            77.401515
2024-11-07 03:18:55,964 - ShapeNetPart - INFO - Epoch 218 ETA: 25 days, 10:54:49 test Accuracy: 92.373676  Class avg mIOU: 77.401515  Inctance avg mIOU: 77.401515
2024-11-07 03:18:55,965 - ShapeNetPart - INFO - [Acc.] Best accuracy is: 93.35608
2024-11-07 03:18:55,965 - ShapeNetPart - INFO - [mIoU_C] Best class avg mIOU is: 77.83706
2024-11-07 03:18:55,965 - ShapeNetPart - INFO - [mIoU_I] Best inctance avg mIOU is: 77.83706
2024-11-07 03:18:55,965 - ShapeNetPart - INFO - Epoch 219 (219/300):
2024-11-07 03:21:51,702 - ShapeNetPart - INFO - Train accuracy is: 96.06779
2024-11-07 03:21:51,702 - ShapeNetPart - INFO - Train loss: 0.09842
2024-11-07 03:21:51,702 - ShapeNetPart - INFO - lr: 0.000035
2024-11-07 03:22:45,760 - ShapeNetPart - INFO - eval mIoU of Car            77.697065
2024-11-07 03:22:45,761 - ShapeNetPart - INFO - Epoch 219 ETA: 25 days, 6:18:42 test Accuracy: 93.277279  Class avg mIOU: 77.697065  Inctance avg mIOU: 77.697065
2024-11-07 03:22:45,761 - ShapeNetPart - INFO - [Acc.] Best accuracy is: 93.35608
2024-11-07 03:22:45,761 - ShapeNetPart - INFO - [mIoU_C] Best class avg mIOU is: 77.83706
2024-11-07 03:22:45,761 - ShapeNetPart - INFO - [mIoU_I] Best inctance avg mIOU is: 77.83706
2024-11-07 03:22:45,761 - ShapeNetPart - INFO - Epoch 220 (220/300):
2024-11-07 03:25:50,777 - ShapeNetPart - INFO - Train accuracy is: 96.10646
2024-11-07 03:25:50,777 - ShapeNetPart - INFO - Train loss: 0.09753
2024-11-07 03:25:50,777 - ShapeNetPart - INFO - lr: 0.000035
2024-11-07 03:26:44,880 - ShapeNetPart - INFO - eval mIoU of Car            77.155400
2024-11-07 03:26:44,881 - ShapeNetPart - INFO - Epoch 220 ETA: 25 days, 1:38:31 test Accuracy: 93.659158  Class avg mIOU: 77.155400  Inctance avg mIOU: 77.155400
2024-11-07 03:26:44,881 - ShapeNetPart - INFO - [Acc.] Best accuracy is: 93.65916
2024-11-07 03:26:44,882 - ShapeNetPart - INFO - [mIoU_C] Best class avg mIOU is: 77.83706
2024-11-07 03:26:44,882 - ShapeNetPart - INFO - [mIoU_I] Best inctance avg mIOU is: 77.83706
2024-11-07 03:26:44,882 - ShapeNetPart - INFO - Epoch 221 (221/300):
2024-11-07 03:29:38,410 - ShapeNetPart - INFO - Train accuracy is: 96.07563
2024-11-07 03:29:38,411 - ShapeNetPart - INFO - Train loss: 0.09745
2024-11-07 03:29:38,411 - ShapeNetPart - INFO - lr: 0.000034
2024-11-07 03:30:35,394 - ShapeNetPart - INFO - eval mIoU of Car            77.426070
2024-11-07 03:30:35,395 - ShapeNetPart - INFO - Epoch 221 ETA: 24 days, 20:54:14 test Accuracy: 92.766385  Class avg mIOU: 77.426070  Inctance avg mIOU: 77.426070
2024-11-07 03:30:35,395 - ShapeNetPart - INFO - [Acc.] Best accuracy is: 93.65916
2024-11-07 03:30:35,395 - ShapeNetPart - INFO - [mIoU_C] Best class avg mIOU is: 77.83706
2024-11-07 03:30:35,395 - ShapeNetPart - INFO - [mIoU_I] Best inctance avg mIOU is: 77.83706
2024-11-07 03:30:35,395 - ShapeNetPart - INFO - Epoch 222 (222/300):
2024-11-07 03:34:02,225 - ShapeNetPart - INFO - Train accuracy is: 96.05665
2024-11-07 03:34:02,226 - ShapeNetPart - INFO - Train loss: 0.10003
2024-11-07 03:34:02,226 - ShapeNetPart - INFO - lr: 0.000033
2024-11-07 03:34:56,842 - ShapeNetPart - INFO - eval mIoU of Car            77.255447
2024-11-07 03:34:56,842 - ShapeNetPart - INFO - Epoch 222 ETA: 24 days, 16:06:02 test Accuracy: 91.218815  Class avg mIOU: 77.255447  Inctance avg mIOU: 77.255447
2024-11-07 03:34:56,842 - ShapeNetPart - INFO - [Acc.] Best accuracy is: 93.65916
2024-11-07 03:34:56,842 - ShapeNetPart - INFO - [mIoU_C] Best class avg mIOU is: 77.83706
2024-11-07 03:34:56,843 - ShapeNetPart - INFO - [mIoU_I] Best inctance avg mIOU is: 77.83706
2024-11-07 03:34:56,843 - ShapeNetPart - INFO - Epoch 223 (223/300):
2024-11-07 03:38:02,318 - ShapeNetPart - INFO - Train accuracy is: 95.99787
2024-11-07 03:38:02,319 - ShapeNetPart - INFO - Train loss: 0.09817
2024-11-07 03:38:02,319 - ShapeNetPart - INFO - lr: 0.000032
2024-11-07 03:39:03,009 - ShapeNetPart - INFO - eval mIoU of Car            74.407939
2024-11-07 03:39:03,010 - ShapeNetPart - INFO - Epoch 223 ETA: 24 days, 11:13:49 test Accuracy: 91.355599  Class avg mIOU: 74.407939  Inctance avg mIOU: 74.407939
2024-11-07 03:39:03,010 - ShapeNetPart - INFO - [Acc.] Best accuracy is: 93.65916
2024-11-07 03:39:03,010 - ShapeNetPart - INFO - [mIoU_C] Best class avg mIOU is: 77.83706
2024-11-07 03:39:03,011 - ShapeNetPart - INFO - [mIoU_I] Best inctance avg mIOU is: 77.83706
2024-11-07 03:39:03,011 - ShapeNetPart - INFO - Epoch 224 (224/300):
2024-11-07 03:42:14,539 - ShapeNetPart - INFO - Train accuracy is: 95.48856
2024-11-07 03:42:14,540 - ShapeNetPart - INFO - Train loss: 0.11611
2024-11-07 03:42:14,540 - ShapeNetPart - INFO - lr: 0.000032
2024-11-07 03:43:18,204 - ShapeNetPart - INFO - eval mIoU of Car            71.387096
2024-11-07 03:43:18,205 - ShapeNetPart - INFO - Epoch 224 ETA: 24 days, 6:17:39 test Accuracy: 90.280686  Class avg mIOU: 71.387096  Inctance avg mIOU: 71.387096
2024-11-07 03:43:18,205 - ShapeNetPart - INFO - [Acc.] Best accuracy is: 93.65916
2024-11-07 03:43:18,205 - ShapeNetPart - INFO - [mIoU_C] Best class avg mIOU is: 77.83706
2024-11-07 03:43:18,205 - ShapeNetPart - INFO - [mIoU_I] Best inctance avg mIOU is: 77.83706
2024-11-07 03:43:18,205 - ShapeNetPart - INFO - Epoch 225 (225/300):
2024-11-07 03:46:27,620 - ShapeNetPart - INFO - Train accuracy is: 95.78814
2024-11-07 03:46:27,620 - ShapeNetPart - INFO - Train loss: 0.11148
2024-11-07 03:46:27,620 - ShapeNetPart - INFO - lr: 0.000031
2024-11-07 03:47:22,739 - ShapeNetPart - INFO - eval mIoU of Car            77.588254
2024-11-07 03:47:22,739 - ShapeNetPart - INFO - Epoch 225 ETA: 24 days, 1:17:26 test Accuracy: 92.320964  Class avg mIOU: 77.588254  Inctance avg mIOU: 77.588254
2024-11-07 03:47:22,739 - ShapeNetPart - INFO - [Acc.] Best accuracy is: 93.65916
2024-11-07 03:47:22,739 - ShapeNetPart - INFO - [mIoU_C] Best class avg mIOU is: 77.83706
2024-11-07 03:47:22,739 - ShapeNetPart - INFO - [mIoU_I] Best inctance avg mIOU is: 77.83706
2024-11-07 03:47:22,739 - ShapeNetPart - INFO - Epoch 226 (226/300):
2024-11-07 03:50:29,503 - ShapeNetPart - INFO - Train accuracy is: 96.27398
2024-11-07 03:50:29,503 - ShapeNetPart - INFO - Train loss: 0.09502
2024-11-07 03:50:29,503 - ShapeNetPart - INFO - lr: 0.000030
2024-11-07 03:51:24,420 - ShapeNetPart - INFO - eval mIoU of Car            76.999662
2024-11-07 03:51:24,420 - ShapeNetPart - INFO - Epoch 226 ETA: 23 days, 20:13:11 test Accuracy: 92.344119  Class avg mIOU: 76.999662  Inctance avg mIOU: 76.999662
2024-11-07 03:51:24,420 - ShapeNetPart - INFO - [Acc.] Best accuracy is: 93.65916
2024-11-07 03:51:24,420 - ShapeNetPart - INFO - [mIoU_C] Best class avg mIOU is: 77.83706
2024-11-07 03:51:24,420 - ShapeNetPart - INFO - [mIoU_I] Best inctance avg mIOU is: 77.83706
2024-11-07 03:51:24,420 - ShapeNetPart - INFO - Epoch 227 (227/300):
2024-11-07 03:54:15,925 - ShapeNetPart - INFO - Train accuracy is: 96.06474
2024-11-07 03:54:15,926 - ShapeNetPart - INFO - Train loss: 0.09563
2024-11-07 03:54:15,926 - ShapeNetPart - INFO - lr: 0.000029
2024-11-07 03:55:14,905 - ShapeNetPart - INFO - eval mIoU of Car            76.569788
2024-11-07 03:55:14,905 - ShapeNetPart - INFO - Epoch 227 ETA: 23 days, 15:04:50 test Accuracy: 91.638997  Class avg mIOU: 76.569788  Inctance avg mIOU: 76.569788
2024-11-07 03:55:14,905 - ShapeNetPart - INFO - [Acc.] Best accuracy is: 93.65916
2024-11-07 03:55:14,906 - ShapeNetPart - INFO - [mIoU_C] Best class avg mIOU is: 77.83706
2024-11-07 03:55:14,906 - ShapeNetPart - INFO - [mIoU_I] Best inctance avg mIOU is: 77.83706
2024-11-07 03:55:14,906 - ShapeNetPart - INFO - Epoch 228 (228/300):
2024-11-07 03:58:18,323 - ShapeNetPart - INFO - Train accuracy is: 96.13492
2024-11-07 03:58:18,324 - ShapeNetPart - INFO - Train loss: 0.09610
2024-11-07 03:58:18,324 - ShapeNetPart - INFO - lr: 0.000029
2024-11-07 03:59:12,597 - ShapeNetPart - INFO - eval mIoU of Car            77.838447
2024-11-07 03:59:12,598 - ShapeNetPart - INFO - Epoch 228 ETA: 23 days, 9:52:25 test Accuracy: 92.450521  Class avg mIOU: 77.838447  Inctance avg mIOU: 77.838447
2024-11-07 03:59:12,598 - ShapeNetPart - INFO - Save model...
2024-11-07 03:59:12,598 - ShapeNetPart - INFO - Saving at log/part_seg/exp_v3/checkpoints/best_model.pth
2024-11-07 03:59:13,973 - ShapeNetPart - INFO - Saving model....
2024-11-07 03:59:13,973 - ShapeNetPart - INFO - [Acc.] Best accuracy is: 93.65916
2024-11-07 03:59:13,973 - ShapeNetPart - INFO - [mIoU_C] Best class avg mIOU is: 77.83845
2024-11-07 03:59:13,973 - ShapeNetPart - INFO - [mIoU_I] Best inctance avg mIOU is: 77.83845
2024-11-07 03:59:13,973 - ShapeNetPart - INFO - Epoch 229 (229/300):
2024-11-07 04:02:22,781 - ShapeNetPart - INFO - Train accuracy is: 96.04614
2024-11-07 04:02:22,782 - ShapeNetPart - INFO - Train loss: 0.09841
2024-11-07 04:02:22,782 - ShapeNetPart - INFO - lr: 0.000028
2024-11-07 04:03:18,203 - ShapeNetPart - INFO - eval mIoU of Car            77.555248
2024-11-07 04:03:18,204 - ShapeNetPart - INFO - Epoch 229 ETA: 23 days, 4:35:58 test Accuracy: 92.361198  Class avg mIOU: 77.555248  Inctance avg mIOU: 77.555248
2024-11-07 04:03:18,204 - ShapeNetPart - INFO - [Acc.] Best accuracy is: 93.65916
2024-11-07 04:03:18,204 - ShapeNetPart - INFO - [mIoU_C] Best class avg mIOU is: 77.83845
2024-11-07 04:03:18,204 - ShapeNetPart - INFO - [mIoU_I] Best inctance avg mIOU is: 77.83845
2024-11-07 04:03:18,204 - ShapeNetPart - INFO - Epoch 230 (230/300):
2024-11-07 04:06:26,165 - ShapeNetPart - INFO - Train accuracy is: 96.03136
2024-11-07 04:06:26,165 - ShapeNetPart - INFO - Train loss: 0.09747
2024-11-07 04:06:26,166 - ShapeNetPart - INFO - lr: 0.000027
2024-11-07 04:07:20,674 - ShapeNetPart - INFO - eval mIoU of Car            76.900142
2024-11-07 04:07:20,674 - ShapeNetPart - INFO - Epoch 230 ETA: 22 days, 23:15:30 test Accuracy: 92.629774  Class avg mIOU: 76.900142  Inctance avg mIOU: 76.900142
2024-11-07 04:07:20,674 - ShapeNetPart - INFO - [Acc.] Best accuracy is: 93.65916
2024-11-07 04:07:20,674 - ShapeNetPart - INFO - [mIoU_C] Best class avg mIOU is: 77.83845
2024-11-07 04:07:20,674 - ShapeNetPart - INFO - [mIoU_I] Best inctance avg mIOU is: 77.83845
2024-11-07 04:07:20,674 - ShapeNetPart - INFO - Epoch 231 (231/300):
2024-11-07 04:10:13,204 - ShapeNetPart - INFO - Train accuracy is: 96.27285
2024-11-07 04:10:13,204 - ShapeNetPart - INFO - Train loss: 0.09620
2024-11-07 04:10:13,204 - ShapeNetPart - INFO - lr: 0.000027
2024-11-07 04:11:13,139 - ShapeNetPart - INFO - eval mIoU of Car            77.672333
2024-11-07 04:11:13,140 - ShapeNetPart - INFO - Epoch 231 ETA: 22 days, 17:50:56 test Accuracy: 92.552669  Class avg mIOU: 77.672333  Inctance avg mIOU: 77.672333
2024-11-07 04:11:13,140 - ShapeNetPart - INFO - [Acc.] Best accuracy is: 93.65916
2024-11-07 04:11:13,140 - ShapeNetPart - INFO - [mIoU_C] Best class avg mIOU is: 77.83845
2024-11-07 04:11:13,140 - ShapeNetPart - INFO - [mIoU_I] Best inctance avg mIOU is: 77.83845
2024-11-07 04:11:13,140 - ShapeNetPart - INFO - Epoch 232 (232/300):
2024-11-07 04:14:13,064 - ShapeNetPart - INFO - Train accuracy is: 95.87371
2024-11-07 04:14:13,065 - ShapeNetPart - INFO - Train loss: 0.09981
2024-11-07 04:14:13,065 - ShapeNetPart - INFO - lr: 0.000026
2024-11-07 04:15:07,596 - ShapeNetPart - INFO - eval mIoU of Car            77.218124
2024-11-07 04:15:07,596 - ShapeNetPart - INFO - Epoch 232 ETA: 22 days, 12:22:18 test Accuracy: 92.213390  Class avg mIOU: 77.218124  Inctance avg mIOU: 77.218124
2024-11-07 04:15:07,596 - ShapeNetPart - INFO - [Acc.] Best accuracy is: 93.65916
2024-11-07 04:15:07,596 - ShapeNetPart - INFO - [mIoU_C] Best class avg mIOU is: 77.83845
2024-11-07 04:15:07,596 - ShapeNetPart - INFO - [mIoU_I] Best inctance avg mIOU is: 77.83845
2024-11-07 04:15:07,597 - ShapeNetPart - INFO - Epoch 233 (233/300):
2024-11-07 04:18:04,347 - ShapeNetPart - INFO - Train accuracy is: 96.30115
2024-11-07 04:18:04,347 - ShapeNetPart - INFO - Train loss: 0.09324
2024-11-07 04:18:04,347 - ShapeNetPart - INFO - lr: 0.000025
2024-11-07 04:18:58,740 - ShapeNetPart - INFO - eval mIoU of Car            78.308934
2024-11-07 04:18:58,741 - ShapeNetPart - INFO - Epoch 233 ETA: 22 days, 6:49:34 test Accuracy: 92.644141  Class avg mIOU: 78.308934  Inctance avg mIOU: 78.308934
2024-11-07 04:18:58,741 - ShapeNetPart - INFO - Save model...
2024-11-07 04:18:58,741 - ShapeNetPart - INFO - Saving at log/part_seg/exp_v3/checkpoints/best_model.pth
2024-11-07 04:19:00,082 - ShapeNetPart - INFO - Saving model....
2024-11-07 04:19:00,082 - ShapeNetPart - INFO - [Acc.] Best accuracy is: 93.65916
2024-11-07 04:19:00,082 - ShapeNetPart - INFO - [mIoU_C] Best class avg mIOU is: 78.30893
2024-11-07 04:19:00,082 - ShapeNetPart - INFO - [mIoU_I] Best inctance avg mIOU is: 78.30893
2024-11-07 04:19:00,082 - ShapeNetPart - INFO - Epoch 234 (234/300):
2024-11-07 04:22:09,027 - ShapeNetPart - INFO - Train accuracy is: 96.31611
2024-11-07 04:22:09,028 - ShapeNetPart - INFO - Train loss: 0.09096
2024-11-07 04:22:09,028 - ShapeNetPart - INFO - lr: 0.000025
2024-11-07 04:23:04,778 - ShapeNetPart - INFO - eval mIoU of Car            77.930576
2024-11-07 04:23:04,778 - ShapeNetPart - INFO - Epoch 234 ETA: 22 days, 1:12:49 test Accuracy: 92.461198  Class avg mIOU: 77.930576  Inctance avg mIOU: 77.930576
2024-11-07 04:23:04,778 - ShapeNetPart - INFO - [Acc.] Best accuracy is: 93.65916
2024-11-07 04:23:04,778 - ShapeNetPart - INFO - [mIoU_C] Best class avg mIOU is: 78.30893
2024-11-07 04:23:04,778 - ShapeNetPart - INFO - [mIoU_I] Best inctance avg mIOU is: 78.30893
2024-11-07 04:23:04,778 - ShapeNetPart - INFO - Epoch 235 (235/300):
2024-11-07 04:26:19,768 - ShapeNetPart - INFO - Train accuracy is: 96.24295
2024-11-07 04:26:19,769 - ShapeNetPart - INFO - Train loss: 0.09192
2024-11-07 04:26:19,769 - ShapeNetPart - INFO - lr: 0.000024
2024-11-07 04:27:15,568 - ShapeNetPart - INFO - eval mIoU of Car            77.685517
2024-11-07 04:27:15,568 - ShapeNetPart - INFO - Epoch 235 ETA: 21 days, 19:32:05 test Accuracy: 92.364974  Class avg mIOU: 77.685517  Inctance avg mIOU: 77.685517
2024-11-07 04:27:15,568 - ShapeNetPart - INFO - [Acc.] Best accuracy is: 93.65916
2024-11-07 04:27:15,568 - ShapeNetPart - INFO - [mIoU_C] Best class avg mIOU is: 78.30893
2024-11-07 04:27:15,568 - ShapeNetPart - INFO - [mIoU_I] Best inctance avg mIOU is: 78.30893
2024-11-07 04:27:15,568 - ShapeNetPart - INFO - Epoch 236 (236/300):
2024-11-07 04:30:28,882 - ShapeNetPart - INFO - Train accuracy is: 96.15635
2024-11-07 04:30:28,882 - ShapeNetPart - INFO - Train loss: 0.09916
2024-11-07 04:30:28,882 - ShapeNetPart - INFO - lr: 0.000023
2024-11-07 04:31:24,211 - ShapeNetPart - INFO - eval mIoU of Car            77.416627
2024-11-07 04:31:24,212 - ShapeNetPart - INFO - Epoch 236 ETA: 21 days, 13:47:21 test Accuracy: 92.504319  Class avg mIOU: 77.416627  Inctance avg mIOU: 77.416627
2024-11-07 04:31:24,212 - ShapeNetPart - INFO - [Acc.] Best accuracy is: 93.65916
2024-11-07 04:31:24,212 - ShapeNetPart - INFO - [mIoU_C] Best class avg mIOU is: 78.30893
2024-11-07 04:31:24,212 - ShapeNetPart - INFO - [mIoU_I] Best inctance avg mIOU is: 78.30893
2024-11-07 04:31:24,212 - ShapeNetPart - INFO - Epoch 237 (237/300):
2024-11-07 04:34:35,355 - ShapeNetPart - INFO - Train accuracy is: 96.12710
2024-11-07 04:34:35,355 - ShapeNetPart - INFO - Train loss: 0.09409
2024-11-07 04:34:35,355 - ShapeNetPart - INFO - lr: 0.000023
2024-11-07 04:35:29,775 - ShapeNetPart - INFO - eval mIoU of Car            77.004945
2024-11-07 04:35:29,776 - ShapeNetPart - INFO - Epoch 237 ETA: 21 days, 7:58:35 test Accuracy: 92.921766  Class avg mIOU: 77.004945  Inctance avg mIOU: 77.004945
2024-11-07 04:35:29,776 - ShapeNetPart - INFO - [Acc.] Best accuracy is: 93.65916
2024-11-07 04:35:29,776 - ShapeNetPart - INFO - [mIoU_C] Best class avg mIOU is: 78.30893
2024-11-07 04:35:29,776 - ShapeNetPart - INFO - [mIoU_I] Best inctance avg mIOU is: 78.30893
2024-11-07 04:35:29,776 - ShapeNetPart - INFO - Epoch 238 (238/300):
2024-11-07 04:38:40,870 - ShapeNetPart - INFO - Train accuracy is: 96.38285
2024-11-07 04:38:40,871 - ShapeNetPart - INFO - Train loss: 0.09109
2024-11-07 04:38:40,871 - ShapeNetPart - INFO - lr: 0.000022
2024-11-07 04:39:35,290 - ShapeNetPart - INFO - eval mIoU of Car            77.670902
2024-11-07 04:39:35,291 - ShapeNetPart - INFO - Epoch 238 ETA: 21 days, 2:05:47 test Accuracy: 92.435807  Class avg mIOU: 77.670902  Inctance avg mIOU: 77.670902
2024-11-07 04:39:35,291 - ShapeNetPart - INFO - [Acc.] Best accuracy is: 93.65916
2024-11-07 04:39:35,291 - ShapeNetPart - INFO - [mIoU_C] Best class avg mIOU is: 78.30893
2024-11-07 04:39:35,291 - ShapeNetPart - INFO - [mIoU_I] Best inctance avg mIOU is: 78.30893
2024-11-07 04:39:35,291 - ShapeNetPart - INFO - Epoch 239 (239/300):
2024-11-07 04:42:36,851 - ShapeNetPart - INFO - Train accuracy is: 96.30328
2024-11-07 04:42:36,852 - ShapeNetPart - INFO - Train loss: 0.09287
2024-11-07 04:42:36,852 - ShapeNetPart - INFO - lr: 0.000021
2024-11-07 04:43:31,776 - ShapeNetPart - INFO - eval mIoU of Car            78.488833
2024-11-07 04:43:31,777 - ShapeNetPart - INFO - Epoch 239 ETA: 20 days, 20:08:56 test Accuracy: 92.503819  Class avg mIOU: 78.488833  Inctance avg mIOU: 78.488833
2024-11-07 04:43:31,777 - ShapeNetPart - INFO - Save model...
2024-11-07 04:43:31,777 - ShapeNetPart - INFO - Saving at log/part_seg/exp_v3/checkpoints/best_model.pth
2024-11-07 04:43:33,154 - ShapeNetPart - INFO - Saving model....
2024-11-07 04:43:33,155 - ShapeNetPart - INFO - [Acc.] Best accuracy is: 93.65916
2024-11-07 04:43:33,155 - ShapeNetPart - INFO - [mIoU_C] Best class avg mIOU is: 78.48883
2024-11-07 04:43:33,155 - ShapeNetPart - INFO - [mIoU_I] Best inctance avg mIOU is: 78.48883
2024-11-07 04:43:33,155 - ShapeNetPart - INFO - Epoch 240 (240/300):
2024-11-07 04:46:41,898 - ShapeNetPart - INFO - Train accuracy is: 96.19313
2024-11-07 04:46:41,899 - ShapeNetPart - INFO - Train loss: 0.09365
2024-11-07 04:46:41,899 - ShapeNetPart - INFO - lr: 0.000021
2024-11-07 04:47:35,720 - ShapeNetPart - INFO - eval mIoU of Car            78.290339
2024-11-07 04:47:35,721 - ShapeNetPart - INFO - Epoch 240 ETA: 20 days, 14:08:03 test Accuracy: 92.714605  Class avg mIOU: 78.290339  Inctance avg mIOU: 78.290339
2024-11-07 04:47:35,721 - ShapeNetPart - INFO - [Acc.] Best accuracy is: 93.65916
2024-11-07 04:47:35,721 - ShapeNetPart - INFO - [mIoU_C] Best class avg mIOU is: 78.48883
2024-11-07 04:47:35,721 - ShapeNetPart - INFO - [mIoU_I] Best inctance avg mIOU is: 78.48883
2024-11-07 04:47:35,721 - ShapeNetPart - INFO - Epoch 241 (241/300):
2024-11-07 04:50:38,871 - ShapeNetPart - INFO - Train accuracy is: 96.37723
2024-11-07 04:50:38,871 - ShapeNetPart - INFO - Train loss: 0.08945
2024-11-07 04:50:38,871 - ShapeNetPart - INFO - lr: 0.000020
2024-11-07 04:51:32,755 - ShapeNetPart - INFO - eval mIoU of Car            78.643350
2024-11-07 04:51:32,756 - ShapeNetPart - INFO - Epoch 241 ETA: 20 days, 8:03:07 test Accuracy: 92.836610  Class avg mIOU: 78.643350  Inctance avg mIOU: 78.643350
2024-11-07 04:51:32,756 - ShapeNetPart - INFO - Save model...
2024-11-07 04:51:32,756 - ShapeNetPart - INFO - Saving at log/part_seg/exp_v3/checkpoints/best_model.pth
2024-11-07 04:51:34,114 - ShapeNetPart - INFO - Saving model....
2024-11-07 04:51:34,114 - ShapeNetPart - INFO - [Acc.] Best accuracy is: 93.65916
2024-11-07 04:51:34,114 - ShapeNetPart - INFO - [mIoU_C] Best class avg mIOU is: 78.64335
2024-11-07 04:51:34,114 - ShapeNetPart - INFO - [mIoU_I] Best inctance avg mIOU is: 78.64335
2024-11-07 04:51:34,114 - ShapeNetPart - INFO - Epoch 242 (242/300):
2024-11-07 04:54:35,078 - ShapeNetPart - INFO - Train accuracy is: 96.41895
2024-11-07 04:54:35,079 - ShapeNetPart - INFO - Train loss: 0.08996
2024-11-07 04:54:35,079 - ShapeNetPart - INFO - lr: 0.000019
2024-11-07 04:55:29,806 - ShapeNetPart - INFO - eval mIoU of Car            77.445278
2024-11-07 04:55:29,807 - ShapeNetPart - INFO - Epoch 242 ETA: 20 days, 1:54:07 test Accuracy: 92.831923  Class avg mIOU: 77.445278  Inctance avg mIOU: 77.445278
2024-11-07 04:55:29,807 - ShapeNetPart - INFO - [Acc.] Best accuracy is: 93.65916
2024-11-07 04:55:29,807 - ShapeNetPart - INFO - [mIoU_C] Best class avg mIOU is: 78.64335
2024-11-07 04:55:29,807 - ShapeNetPart - INFO - [mIoU_I] Best inctance avg mIOU is: 78.64335
2024-11-07 04:55:29,807 - ShapeNetPart - INFO - Epoch 243 (243/300):
2024-11-07 04:58:33,621 - ShapeNetPart - INFO - Train accuracy is: 96.29829
2024-11-07 04:58:33,621 - ShapeNetPart - INFO - Train loss: 0.09055
2024-11-07 04:58:33,621 - ShapeNetPart - INFO - lr: 0.000019
2024-11-07 04:59:28,911 - ShapeNetPart - INFO - eval mIoU of Car            78.396578
2024-11-07 04:59:28,912 - ShapeNetPart - INFO - Epoch 243 ETA: 19 days, 19:41:05 test Accuracy: 92.777474  Class avg mIOU: 78.396578  Inctance avg mIOU: 78.396578
2024-11-07 04:59:28,912 - ShapeNetPart - INFO - [Acc.] Best accuracy is: 93.65916
2024-11-07 04:59:28,912 - ShapeNetPart - INFO - [mIoU_C] Best class avg mIOU is: 78.64335
2024-11-07 04:59:28,912 - ShapeNetPart - INFO - [mIoU_I] Best inctance avg mIOU is: 78.64335
2024-11-07 04:59:28,912 - ShapeNetPart - INFO - Epoch 244 (244/300):
2024-11-07 05:02:33,544 - ShapeNetPart - INFO - Train accuracy is: 96.39339
2024-11-07 05:02:33,544 - ShapeNetPart - INFO - Train loss: 0.08960
2024-11-07 05:02:33,544 - ShapeNetPart - INFO - lr: 0.000018
2024-11-07 05:03:28,572 - ShapeNetPart - INFO - eval mIoU of Car            77.924870
2024-11-07 05:03:28,572 - ShapeNetPart - INFO - Epoch 244 ETA: 19 days, 13:23:59 test Accuracy: 92.581554  Class avg mIOU: 77.924870  Inctance avg mIOU: 77.924870
2024-11-07 05:03:28,572 - ShapeNetPart - INFO - [Acc.] Best accuracy is: 93.65916
2024-11-07 05:03:28,572 - ShapeNetPart - INFO - [mIoU_C] Best class avg mIOU is: 78.64335
2024-11-07 05:03:28,572 - ShapeNetPart - INFO - [mIoU_I] Best inctance avg mIOU is: 78.64335
2024-11-07 05:03:28,572 - ShapeNetPart - INFO - Epoch 245 (245/300):
2024-11-07 05:06:24,742 - ShapeNetPart - INFO - Train accuracy is: 96.41326
2024-11-07 05:06:24,742 - ShapeNetPart - INFO - Train loss: 0.08888
2024-11-07 05:06:24,742 - ShapeNetPart - INFO - lr: 0.000018
2024-11-07 05:07:21,151 - ShapeNetPart - INFO - eval mIoU of Car            77.341889
2024-11-07 05:07:21,152 - ShapeNetPart - INFO - Epoch 245 ETA: 19 days, 7:02:50 test Accuracy: 92.321549  Class avg mIOU: 77.341889  Inctance avg mIOU: 77.341889
2024-11-07 05:07:21,152 - ShapeNetPart - INFO - [Acc.] Best accuracy is: 93.65916
2024-11-07 05:07:21,152 - ShapeNetPart - INFO - [mIoU_C] Best class avg mIOU is: 78.64335
2024-11-07 05:07:21,152 - ShapeNetPart - INFO - [mIoU_I] Best inctance avg mIOU is: 78.64335
2024-11-07 05:07:21,152 - ShapeNetPart - INFO - Epoch 246 (246/300):
2024-11-07 05:10:16,254 - ShapeNetPart - INFO - Train accuracy is: 96.17502
2024-11-07 05:10:16,255 - ShapeNetPart - INFO - Train loss: 0.09141
2024-11-07 05:10:16,255 - ShapeNetPart - INFO - lr: 0.000017
2024-11-07 05:11:11,632 - ShapeNetPart - INFO - eval mIoU of Car            77.653989
2024-11-07 05:11:11,632 - ShapeNetPart - INFO - Epoch 246 ETA: 19 days, 0:37:35 test Accuracy: 91.127691  Class avg mIOU: 77.653989  Inctance avg mIOU: 77.653989
2024-11-07 05:11:11,632 - ShapeNetPart - INFO - [Acc.] Best accuracy is: 93.65916
2024-11-07 05:11:11,632 - ShapeNetPart - INFO - [mIoU_C] Best class avg mIOU is: 78.64335
2024-11-07 05:11:11,632 - ShapeNetPart - INFO - [mIoU_I] Best inctance avg mIOU is: 78.64335
2024-11-07 05:11:11,632 - ShapeNetPart - INFO - Epoch 247 (247/300):
2024-11-07 05:14:09,932 - ShapeNetPart - INFO - Train accuracy is: 96.26022
2024-11-07 05:14:09,932 - ShapeNetPart - INFO - Train loss: 0.09147
2024-11-07 05:14:09,932 - ShapeNetPart - INFO - lr: 0.000016
2024-11-07 05:15:04,354 - ShapeNetPart - INFO - eval mIoU of Car            77.755570
2024-11-07 05:15:04,354 - ShapeNetPart - INFO - Epoch 247 ETA: 18 days, 18:08:17 test Accuracy: 92.723633  Class avg mIOU: 77.755570  Inctance avg mIOU: 77.755570
2024-11-07 05:15:04,354 - ShapeNetPart - INFO - [Acc.] Best accuracy is: 93.65916
2024-11-07 05:15:04,354 - ShapeNetPart - INFO - [mIoU_C] Best class avg mIOU is: 78.64335
2024-11-07 05:15:04,354 - ShapeNetPart - INFO - [mIoU_I] Best inctance avg mIOU is: 78.64335
2024-11-07 05:15:04,354 - ShapeNetPart - INFO - Epoch 248 (248/300):
2024-11-07 05:17:56,631 - ShapeNetPart - INFO - Train accuracy is: 96.37683
2024-11-07 05:17:56,632 - ShapeNetPart - INFO - Train loss: 0.09074
2024-11-07 05:17:56,632 - ShapeNetPart - INFO - lr: 0.000016
2024-11-07 05:18:50,802 - ShapeNetPart - INFO - eval mIoU of Car            77.707743
2024-11-07 05:18:50,803 - ShapeNetPart - INFO - Epoch 248 ETA: 18 days, 11:34:54 test Accuracy: 92.570508  Class avg mIOU: 77.707743  Inctance avg mIOU: 77.707743
2024-11-07 05:18:50,803 - ShapeNetPart - INFO - [Acc.] Best accuracy is: 93.65916
2024-11-07 05:18:50,803 - ShapeNetPart - INFO - [mIoU_C] Best class avg mIOU is: 78.64335
2024-11-07 05:18:50,803 - ShapeNetPart - INFO - [mIoU_I] Best inctance avg mIOU is: 78.64335
2024-11-07 05:18:50,803 - ShapeNetPart - INFO - Epoch 249 (249/300):
2024-11-07 05:21:57,620 - ShapeNetPart - INFO - Train accuracy is: 96.43886
2024-11-07 05:21:57,620 - ShapeNetPart - INFO - Train loss: 0.08883
2024-11-07 05:21:57,621 - ShapeNetPart - INFO - lr: 0.000015
2024-11-07 05:22:52,442 - ShapeNetPart - INFO - eval mIoU of Car            78.296701
2024-11-07 05:22:52,442 - ShapeNetPart - INFO - Epoch 249 ETA: 18 days, 4:57:29 test Accuracy: 92.639388  Class avg mIOU: 78.296701  Inctance avg mIOU: 78.296701
2024-11-07 05:22:52,442 - ShapeNetPart - INFO - [Acc.] Best accuracy is: 93.65916
2024-11-07 05:22:52,443 - ShapeNetPart - INFO - [mIoU_C] Best class avg mIOU is: 78.64335
2024-11-07 05:22:52,443 - ShapeNetPart - INFO - [mIoU_I] Best inctance avg mIOU is: 78.64335
2024-11-07 05:22:52,443 - ShapeNetPart - INFO - Epoch 250 (250/300):
2024-11-07 05:25:59,051 - ShapeNetPart - INFO - Train accuracy is: 96.17435
2024-11-07 05:25:59,051 - ShapeNetPart - INFO - Train loss: 0.09371
2024-11-07 05:25:59,051 - ShapeNetPart - INFO - lr: 0.000015
2024-11-07 05:26:55,462 - ShapeNetPart - INFO - eval mIoU of Car            77.766716
2024-11-07 05:26:55,462 - ShapeNetPart - INFO - Epoch 250 ETA: 17 days, 22:16:02 test Accuracy: 92.457682  Class avg mIOU: 77.766716  Inctance avg mIOU: 77.766716
2024-11-07 05:26:55,462 - ShapeNetPart - INFO - [Acc.] Best accuracy is: 93.65916
2024-11-07 05:26:55,462 - ShapeNetPart - INFO - [mIoU_C] Best class avg mIOU is: 78.64335
2024-11-07 05:26:55,463 - ShapeNetPart - INFO - [mIoU_I] Best inctance avg mIOU is: 78.64335
2024-11-07 05:26:55,463 - ShapeNetPart - INFO - Epoch 251 (251/300):
2024-11-07 05:30:07,617 - ShapeNetPart - INFO - Train accuracy is: 96.26516
2024-11-07 05:30:07,617 - ShapeNetPart - INFO - Train loss: 0.09248
2024-11-07 05:30:07,617 - ShapeNetPart - INFO - lr: 0.000014
2024-11-07 05:31:01,060 - ShapeNetPart - INFO - eval mIoU of Car            77.002104
2024-11-07 05:31:01,061 - ShapeNetPart - INFO - Epoch 251 ETA: 17 days, 15:30:35 test Accuracy: 93.274414  Class avg mIOU: 77.002104  Inctance avg mIOU: 77.002104
2024-11-07 05:31:01,061 - ShapeNetPart - INFO - [Acc.] Best accuracy is: 93.65916
2024-11-07 05:31:01,061 - ShapeNetPart - INFO - [mIoU_C] Best class avg mIOU is: 78.64335
2024-11-07 05:31:01,061 - ShapeNetPart - INFO - [mIoU_I] Best inctance avg mIOU is: 78.64335
2024-11-07 05:31:01,062 - ShapeNetPart - INFO - Epoch 252 (252/300):
2024-11-07 05:34:01,514 - ShapeNetPart - INFO - Train accuracy is: 96.41315
2024-11-07 05:34:01,515 - ShapeNetPart - INFO - Train loss: 0.09018
2024-11-07 05:34:01,515 - ShapeNetPart - INFO - lr: 0.000014
2024-11-07 05:35:00,199 - ShapeNetPart - INFO - eval mIoU of Car            78.087966
2024-11-07 05:35:00,199 - ShapeNetPart - INFO - Epoch 252 ETA: 17 days, 8:41:05 test Accuracy: 91.898199  Class avg mIOU: 78.087966  Inctance avg mIOU: 78.087966
2024-11-07 05:35:00,199 - ShapeNetPart - INFO - [Acc.] Best accuracy is: 93.65916
2024-11-07 05:35:00,199 - ShapeNetPart - INFO - [mIoU_C] Best class avg mIOU is: 78.64335
2024-11-07 05:35:00,200 - ShapeNetPart - INFO - [mIoU_I] Best inctance avg mIOU is: 78.64335
2024-11-07 05:35:00,200 - ShapeNetPart - INFO - Epoch 253 (253/300):
2024-11-07 05:37:54,793 - ShapeNetPart - INFO - Train accuracy is: 96.45897
2024-11-07 05:37:54,794 - ShapeNetPart - INFO - Train loss: 0.08831
2024-11-07 05:37:54,794 - ShapeNetPart - INFO - lr: 0.000013
2024-11-07 05:38:48,714 - ShapeNetPart - INFO - eval mIoU of Car            77.742196
2024-11-07 05:38:48,715 - ShapeNetPart - INFO - Epoch 253 ETA: 17 days, 1:47:31 test Accuracy: 91.836350  Class avg mIOU: 77.742196  Inctance avg mIOU: 77.742196
2024-11-07 05:38:48,715 - ShapeNetPart - INFO - [Acc.] Best accuracy is: 93.65916
2024-11-07 05:38:48,716 - ShapeNetPart - INFO - [mIoU_C] Best class avg mIOU is: 78.64335
2024-11-07 05:38:48,716 - ShapeNetPart - INFO - [mIoU_I] Best inctance avg mIOU is: 78.64335
2024-11-07 05:38:48,716 - ShapeNetPart - INFO - Epoch 254 (254/300):
2024-11-07 05:41:57,988 - ShapeNetPart - INFO - Train accuracy is: 96.54172
2024-11-07 05:41:57,989 - ShapeNetPart - INFO - Train loss: 0.08829
2024-11-07 05:41:57,989 - ShapeNetPart - INFO - lr: 0.000013
2024-11-07 05:42:53,389 - ShapeNetPart - INFO - eval mIoU of Car            78.288959
2024-11-07 05:42:53,389 - ShapeNetPart - INFO - Epoch 254 ETA: 16 days, 18:49:56 test Accuracy: 92.319141  Class avg mIOU: 78.288959  Inctance avg mIOU: 78.288959
2024-11-07 05:42:53,389 - ShapeNetPart - INFO - [Acc.] Best accuracy is: 93.65916
2024-11-07 05:42:53,389 - ShapeNetPart - INFO - [mIoU_C] Best class avg mIOU is: 78.64335
2024-11-07 05:42:53,389 - ShapeNetPart - INFO - [mIoU_I] Best inctance avg mIOU is: 78.64335
2024-11-07 05:42:53,389 - ShapeNetPart - INFO - Epoch 255 (255/300):
2024-11-07 05:46:02,824 - ShapeNetPart - INFO - Train accuracy is: 96.46244
2024-11-07 05:46:02,825 - ShapeNetPart - INFO - Train loss: 0.08915
2024-11-07 05:46:02,825 - ShapeNetPart - INFO - lr: 0.000012
2024-11-07 05:47:00,147 - ShapeNetPart - INFO - eval mIoU of Car            78.047801
2024-11-07 05:47:00,148 - ShapeNetPart - INFO - Epoch 255 ETA: 16 days, 11:48:20 test Accuracy: 93.140213  Class avg mIOU: 78.047801  Inctance avg mIOU: 78.047801
2024-11-07 05:47:00,148 - ShapeNetPart - INFO - [Acc.] Best accuracy is: 93.65916
2024-11-07 05:47:00,148 - ShapeNetPart - INFO - [mIoU_C] Best class avg mIOU is: 78.64335
2024-11-07 05:47:00,148 - ShapeNetPart - INFO - [mIoU_I] Best inctance avg mIOU is: 78.64335
2024-11-07 05:47:00,148 - ShapeNetPart - INFO - Epoch 256 (256/300):
2024-11-07 05:50:05,011 - ShapeNetPart - INFO - Train accuracy is: 96.27369
2024-11-07 05:50:05,012 - ShapeNetPart - INFO - Train loss: 0.09077
2024-11-07 05:50:05,012 - ShapeNetPart - INFO - lr: 0.000012
2024-11-07 05:51:00,334 - ShapeNetPart - INFO - eval mIoU of Car            77.857291
2024-11-07 05:51:00,334 - ShapeNetPart - INFO - Epoch 256 ETA: 16 days, 4:42:42 test Accuracy: 92.337153  Class avg mIOU: 77.857291  Inctance avg mIOU: 77.857291
2024-11-07 05:51:00,334 - ShapeNetPart - INFO - [Acc.] Best accuracy is: 93.65916
2024-11-07 05:51:00,334 - ShapeNetPart - INFO - [mIoU_C] Best class avg mIOU is: 78.64335
2024-11-07 05:51:00,334 - ShapeNetPart - INFO - [mIoU_I] Best inctance avg mIOU is: 78.64335
2024-11-07 05:51:00,334 - ShapeNetPart - INFO - Epoch 257 (257/300):
2024-11-07 05:54:07,261 - ShapeNetPart - INFO - Train accuracy is: 96.50153
2024-11-07 05:54:07,261 - ShapeNetPart - INFO - Train loss: 0.08776
2024-11-07 05:54:07,261 - ShapeNetPart - INFO - lr: 0.000011
2024-11-07 05:55:05,167 - ShapeNetPart - INFO - eval mIoU of Car            78.463711
2024-11-07 05:55:05,168 - ShapeNetPart - INFO - Epoch 257 ETA: 15 days, 21:33:03 test Accuracy: 92.710330  Class avg mIOU: 78.463711  Inctance avg mIOU: 78.463711
2024-11-07 05:55:05,168 - ShapeNetPart - INFO - [Acc.] Best accuracy is: 93.65916
2024-11-07 05:55:05,168 - ShapeNetPart - INFO - [mIoU_C] Best class avg mIOU is: 78.64335
2024-11-07 05:55:05,168 - ShapeNetPart - INFO - [mIoU_I] Best inctance avg mIOU is: 78.64335
2024-11-07 05:55:05,168 - ShapeNetPart - INFO - Epoch 258 (258/300):
2024-11-07 05:58:07,328 - ShapeNetPart - INFO - Train accuracy is: 96.30321
2024-11-07 05:58:07,328 - ShapeNetPart - INFO - Train loss: 0.08910
2024-11-07 05:58:07,329 - ShapeNetPart - INFO - lr: 0.000011
2024-11-07 05:59:02,435 - ShapeNetPart - INFO - eval mIoU of Car            78.368239
2024-11-07 05:59:02,436 - ShapeNetPart - INFO - Epoch 258 ETA: 15 days, 14:19:21 test Accuracy: 93.122352  Class avg mIOU: 78.368239  Inctance avg mIOU: 78.368239
2024-11-07 05:59:02,436 - ShapeNetPart - INFO - [Acc.] Best accuracy is: 93.65916
2024-11-07 05:59:02,436 - ShapeNetPart - INFO - [mIoU_C] Best class avg mIOU is: 78.64335
2024-11-07 05:59:02,436 - ShapeNetPart - INFO - [mIoU_I] Best inctance avg mIOU is: 78.64335
2024-11-07 05:59:02,436 - ShapeNetPart - INFO - Epoch 259 (259/300):
2024-11-07 06:02:05,578 - ShapeNetPart - INFO - Train accuracy is: 96.30200
2024-11-07 06:02:05,578 - ShapeNetPart - INFO - Train loss: 0.08830
2024-11-07 06:02:05,578 - ShapeNetPart - INFO - lr: 0.000010
2024-11-07 06:03:02,253 - ShapeNetPart - INFO - eval mIoU of Car            77.635056
2024-11-07 06:03:02,254 - ShapeNetPart - INFO - Epoch 259 ETA: 15 days, 7:01:38 test Accuracy: 92.386263  Class avg mIOU: 77.635056  Inctance avg mIOU: 77.635056
2024-11-07 06:03:02,254 - ShapeNetPart - INFO - [Acc.] Best accuracy is: 93.65916
2024-11-07 06:03:02,254 - ShapeNetPart - INFO - [mIoU_C] Best class avg mIOU is: 78.64335
2024-11-07 06:03:02,254 - ShapeNetPart - INFO - [mIoU_I] Best inctance avg mIOU is: 78.64335
2024-11-07 06:03:02,254 - ShapeNetPart - INFO - Epoch 260 (260/300):
2024-11-07 06:06:12,491 - ShapeNetPart - INFO - Train accuracy is: 96.40551
2024-11-07 06:06:12,491 - ShapeNetPart - INFO - Train loss: 0.08844
2024-11-07 06:06:12,491 - ShapeNetPart - INFO - lr: 0.000010
2024-11-07 06:07:12,786 - ShapeNetPart - INFO - eval mIoU of Car            77.957053
2024-11-07 06:07:12,787 - ShapeNetPart - INFO - Epoch 260 ETA: 14 days, 23:39:54 test Accuracy: 92.683030  Class avg mIOU: 77.957053  Inctance avg mIOU: 77.957053
2024-11-07 06:07:12,787 - ShapeNetPart - INFO - [Acc.] Best accuracy is: 93.65916
2024-11-07 06:07:12,787 - ShapeNetPart - INFO - [mIoU_C] Best class avg mIOU is: 78.64335
2024-11-07 06:07:12,787 - ShapeNetPart - INFO - [mIoU_I] Best inctance avg mIOU is: 78.64335
2024-11-07 06:07:12,787 - ShapeNetPart - INFO - Epoch 261 (261/300):
2024-11-07 06:10:12,592 - ShapeNetPart - INFO - Train accuracy is: 96.47372
2024-11-07 06:10:12,592 - ShapeNetPart - INFO - Train loss: 0.08804
2024-11-07 06:10:12,592 - ShapeNetPart - INFO - lr: 0.000010
2024-11-07 06:11:11,254 - ShapeNetPart - INFO - eval mIoU of Car            78.420638
2024-11-07 06:11:11,255 - ShapeNetPart - INFO - Epoch 261 ETA: 14 days, 16:14:08 test Accuracy: 92.421549  Class avg mIOU: 78.420638  Inctance avg mIOU: 78.420638
2024-11-07 06:11:11,255 - ShapeNetPart - INFO - [Acc.] Best accuracy is: 93.65916
2024-11-07 06:11:11,255 - ShapeNetPart - INFO - [mIoU_C] Best class avg mIOU is: 78.64335
2024-11-07 06:11:11,255 - ShapeNetPart - INFO - [mIoU_I] Best inctance avg mIOU is: 78.64335
2024-11-07 06:11:11,255 - ShapeNetPart - INFO - Epoch 262 (262/300):
2024-11-07 06:14:14,297 - ShapeNetPart - INFO - Train accuracy is: 96.52642
2024-11-07 06:14:14,298 - ShapeNetPart - INFO - Train loss: 0.08719
2024-11-07 06:14:14,298 - ShapeNetPart - INFO - lr: 0.000009
2024-11-07 06:15:09,570 - ShapeNetPart - INFO - eval mIoU of Car            78.624000
2024-11-07 06:15:09,571 - ShapeNetPart - INFO - Epoch 262 ETA: 14 days, 8:44:20 test Accuracy: 92.600977  Class avg mIOU: 78.624000  Inctance avg mIOU: 78.624000
2024-11-07 06:15:09,571 - ShapeNetPart - INFO - [Acc.] Best accuracy is: 93.65916
2024-11-07 06:15:09,571 - ShapeNetPart - INFO - [mIoU_C] Best class avg mIOU is: 78.64335
2024-11-07 06:15:09,571 - ShapeNetPart - INFO - [mIoU_I] Best inctance avg mIOU is: 78.64335
2024-11-07 06:15:09,571 - ShapeNetPart - INFO - Epoch 263 (263/300):
2024-11-07 06:18:12,332 - ShapeNetPart - INFO - Train accuracy is: 96.47394
2024-11-07 06:18:12,333 - ShapeNetPart - INFO - Train loss: 0.08716
2024-11-07 06:18:12,333 - ShapeNetPart - INFO - lr: 0.000009
2024-11-07 06:19:09,801 - ShapeNetPart - INFO - eval mIoU of Car            78.377202
2024-11-07 06:19:09,801 - ShapeNetPart - INFO - Epoch 263 ETA: 14 days, 1:10:29 test Accuracy: 92.457574  Class avg mIOU: 78.377202  Inctance avg mIOU: 78.377202
2024-11-07 06:19:09,801 - ShapeNetPart - INFO - [Acc.] Best accuracy is: 93.65916
2024-11-07 06:19:09,801 - ShapeNetPart - INFO - [mIoU_C] Best class avg mIOU is: 78.64335
2024-11-07 06:19:09,801 - ShapeNetPart - INFO - [mIoU_I] Best inctance avg mIOU is: 78.64335
2024-11-07 06:19:09,801 - ShapeNetPart - INFO - Epoch 264 (264/300):
2024-11-07 06:22:12,414 - ShapeNetPart - INFO - Train accuracy is: 96.36942
2024-11-07 06:22:12,415 - ShapeNetPart - INFO - Train loss: 0.08818
2024-11-07 06:22:12,415 - ShapeNetPart - INFO - lr: 0.000008
2024-11-07 06:23:12,048 - ShapeNetPart - INFO - eval mIoU of Car            77.788394
2024-11-07 06:23:12,048 - ShapeNetPart - INFO - Epoch 264 ETA: 13 days, 17:32:38 test Accuracy: 93.012348  Class avg mIOU: 77.788394  Inctance avg mIOU: 77.788394
2024-11-07 06:23:12,049 - ShapeNetPart - INFO - [Acc.] Best accuracy is: 93.65916
2024-11-07 06:23:12,049 - ShapeNetPart - INFO - [mIoU_C] Best class avg mIOU is: 78.64335
2024-11-07 06:23:12,049 - ShapeNetPart - INFO - [mIoU_I] Best inctance avg mIOU is: 78.64335
2024-11-07 06:23:12,049 - ShapeNetPart - INFO - Epoch 265 (265/300):
2024-11-07 06:26:05,646 - ShapeNetPart - INFO - Train accuracy is: 96.38197
2024-11-07 06:26:05,647 - ShapeNetPart - INFO - Train loss: 0.08686
2024-11-07 06:26:05,647 - ShapeNetPart - INFO - lr: 0.000008
2024-11-07 06:27:01,323 - ShapeNetPart - INFO - eval mIoU of Car            77.660794
2024-11-07 06:27:01,324 - ShapeNetPart - INFO - Epoch 265 ETA: 13 days, 9:50:43 test Accuracy: 92.901562  Class avg mIOU: 77.660794  Inctance avg mIOU: 77.660794
2024-11-07 06:27:01,324 - ShapeNetPart - INFO - [Acc.] Best accuracy is: 93.65916
2024-11-07 06:27:01,324 - ShapeNetPart - INFO - [mIoU_C] Best class avg mIOU is: 78.64335
2024-11-07 06:27:01,324 - ShapeNetPart - INFO - [mIoU_I] Best inctance avg mIOU is: 78.64335
2024-11-07 06:27:01,324 - ShapeNetPart - INFO - Epoch 266 (266/300):
2024-11-07 06:30:09,473 - ShapeNetPart - INFO - Train accuracy is: 96.54754
2024-11-07 06:30:09,474 - ShapeNetPart - INFO - Train loss: 0.08690
2024-11-07 06:30:09,474 - ShapeNetPart - INFO - lr: 0.000008
2024-11-07 06:31:08,328 - ShapeNetPart - INFO - eval mIoU of Car            77.541580
2024-11-07 06:31:08,329 - ShapeNetPart - INFO - Epoch 266 ETA: 13 days, 2:04:47 test Accuracy: 92.913108  Class avg mIOU: 77.541580  Inctance avg mIOU: 77.541580
2024-11-07 06:31:08,329 - ShapeNetPart - INFO - [Acc.] Best accuracy is: 93.65916
2024-11-07 06:31:08,329 - ShapeNetPart - INFO - [mIoU_C] Best class avg mIOU is: 78.64335
2024-11-07 06:31:08,329 - ShapeNetPart - INFO - [mIoU_I] Best inctance avg mIOU is: 78.64335
2024-11-07 06:31:08,329 - ShapeNetPart - INFO - Epoch 267 (267/300):
2024-11-07 06:34:07,321 - ShapeNetPart - INFO - Train accuracy is: 96.63939
2024-11-07 06:34:07,322 - ShapeNetPart - INFO - Train loss: 0.08487
2024-11-07 06:34:07,322 - ShapeNetPart - INFO - lr: 0.000007
2024-11-07 06:35:01,597 - ShapeNetPart - INFO - eval mIoU of Car            77.948126
2024-11-07 06:35:01,598 - ShapeNetPart - INFO - Epoch 267 ETA: 12 days, 18:14:48 test Accuracy: 92.370920  Class avg mIOU: 77.948126  Inctance avg mIOU: 77.948126
2024-11-07 06:35:01,598 - ShapeNetPart - INFO - [Acc.] Best accuracy is: 93.65916
2024-11-07 06:35:01,598 - ShapeNetPart - INFO - [mIoU_C] Best class avg mIOU is: 78.64335
2024-11-07 06:35:01,598 - ShapeNetPart - INFO - [mIoU_I] Best inctance avg mIOU is: 78.64335
2024-11-07 06:35:01,598 - ShapeNetPart - INFO - Epoch 268 (268/300):
2024-11-07 06:38:01,097 - ShapeNetPart - INFO - Train accuracy is: 96.48117
2024-11-07 06:38:01,098 - ShapeNetPart - INFO - Train loss: 0.08838
2024-11-07 06:38:01,098 - ShapeNetPart - INFO - lr: 0.000007
2024-11-07 06:38:57,261 - ShapeNetPart - INFO - eval mIoU of Car            77.928005
2024-11-07 06:38:57,262 - ShapeNetPart - INFO - Epoch 268 ETA: 12 days, 10:20:47 test Accuracy: 91.637717  Class avg mIOU: 77.928005  Inctance avg mIOU: 77.928005
2024-11-07 06:38:57,262 - ShapeNetPart - INFO - [Acc.] Best accuracy is: 93.65916
2024-11-07 06:38:57,262 - ShapeNetPart - INFO - [mIoU_C] Best class avg mIOU is: 78.64335
2024-11-07 06:38:57,262 - ShapeNetPart - INFO - [mIoU_I] Best inctance avg mIOU is: 78.64335
2024-11-07 06:38:57,262 - ShapeNetPart - INFO - Epoch 269 (269/300):
2024-11-07 06:41:53,809 - ShapeNetPart - INFO - Train accuracy is: 96.47546
2024-11-07 06:41:53,809 - ShapeNetPart - INFO - Train loss: 0.08629
2024-11-07 06:41:53,809 - ShapeNetPart - INFO - lr: 0.000007
2024-11-07 06:42:56,516 - ShapeNetPart - INFO - eval mIoU of Car            77.859382
2024-11-07 06:42:56,517 - ShapeNetPart - INFO - Epoch 269 ETA: 12 days, 2:22:44 test Accuracy: 92.870942  Class avg mIOU: 77.859382  Inctance avg mIOU: 77.859382
2024-11-07 06:42:56,517 - ShapeNetPart - INFO - [Acc.] Best accuracy is: 93.65916
2024-11-07 06:42:56,517 - ShapeNetPart - INFO - [mIoU_C] Best class avg mIOU is: 78.64335
2024-11-07 06:42:56,517 - ShapeNetPart - INFO - [mIoU_I] Best inctance avg mIOU is: 78.64335
2024-11-07 06:42:56,517 - ShapeNetPart - INFO - Epoch 270 (270/300):
2024-11-07 06:46:01,420 - ShapeNetPart - INFO - Train accuracy is: 96.60974
2024-11-07 06:46:01,421 - ShapeNetPart - INFO - Train loss: 0.08616
2024-11-07 06:46:01,421 - ShapeNetPart - INFO - lr: 0.000006
2024-11-07 06:46:55,871 - ShapeNetPart - INFO - eval mIoU of Car            77.448254
2024-11-07 06:46:55,871 - ShapeNetPart - INFO - Epoch 270 ETA: 11 days, 18:20:40 test Accuracy: 93.143490  Class avg mIOU: 77.448254  Inctance avg mIOU: 77.448254
2024-11-07 06:46:55,871 - ShapeNetPart - INFO - [Acc.] Best accuracy is: 93.65916
2024-11-07 06:46:55,871 - ShapeNetPart - INFO - [mIoU_C] Best class avg mIOU is: 78.64335
2024-11-07 06:46:55,871 - ShapeNetPart - INFO - [mIoU_I] Best inctance avg mIOU is: 78.64335
2024-11-07 06:46:55,871 - ShapeNetPart - INFO - Epoch 271 (271/300):
2024-11-07 06:50:03,083 - ShapeNetPart - INFO - Train accuracy is: 96.61001
2024-11-07 06:50:03,084 - ShapeNetPart - INFO - Train loss: 0.08626
2024-11-07 06:50:03,084 - ShapeNetPart - INFO - lr: 0.000006
2024-11-07 06:50:58,601 - ShapeNetPart - INFO - eval mIoU of Car            78.592074
2024-11-07 06:50:58,601 - ShapeNetPart - INFO - Epoch 271 ETA: 11 days, 10:14:34 test Accuracy: 92.871745  Class avg mIOU: 78.592074  Inctance avg mIOU: 78.592074
2024-11-07 06:50:58,601 - ShapeNetPart - INFO - [Acc.] Best accuracy is: 93.65916
2024-11-07 06:50:58,601 - ShapeNetPart - INFO - [mIoU_C] Best class avg mIOU is: 78.64335
2024-11-07 06:50:58,601 - ShapeNetPart - INFO - [mIoU_I] Best inctance avg mIOU is: 78.64335
2024-11-07 06:50:58,602 - ShapeNetPart - INFO - Epoch 272 (272/300):
2024-11-07 06:53:59,088 - ShapeNetPart - INFO - Train accuracy is: 96.39520
2024-11-07 06:53:59,089 - ShapeNetPart - INFO - Train loss: 0.08686
2024-11-07 06:53:59,089 - ShapeNetPart - INFO - lr: 0.000006
2024-11-07 06:54:55,308 - ShapeNetPart - INFO - eval mIoU of Car            78.353466
2024-11-07 06:54:55,308 - ShapeNetPart - INFO - Epoch 272 ETA: 11 days, 2:04:26 test Accuracy: 92.927561  Class avg mIOU: 78.353466  Inctance avg mIOU: 78.353466
2024-11-07 06:54:55,308 - ShapeNetPart - INFO - [Acc.] Best accuracy is: 93.65916
2024-11-07 06:54:55,308 - ShapeNetPart - INFO - [mIoU_C] Best class avg mIOU is: 78.64335
2024-11-07 06:54:55,309 - ShapeNetPart - INFO - [mIoU_I] Best inctance avg mIOU is: 78.64335
2024-11-07 06:54:55,309 - ShapeNetPart - INFO - Epoch 273 (273/300):
2024-11-07 06:57:59,178 - ShapeNetPart - INFO - Train accuracy is: 96.66251
2024-11-07 06:57:59,179 - ShapeNetPart - INFO - Train loss: 0.08566
2024-11-07 06:57:59,179 - ShapeNetPart - INFO - lr: 0.000005
2024-11-07 06:58:53,802 - ShapeNetPart - INFO - eval mIoU of Car            78.512760
2024-11-07 06:58:53,802 - ShapeNetPart - INFO - Epoch 273 ETA: 10 days, 17:50:16 test Accuracy: 92.950391  Class avg mIOU: 78.512760  Inctance avg mIOU: 78.512760
2024-11-07 06:58:53,802 - ShapeNetPart - INFO - [Acc.] Best accuracy is: 93.65916
2024-11-07 06:58:53,802 - ShapeNetPart - INFO - [mIoU_C] Best class avg mIOU is: 78.64335
2024-11-07 06:58:53,802 - ShapeNetPart - INFO - [mIoU_I] Best inctance avg mIOU is: 78.64335
2024-11-07 06:58:53,802 - ShapeNetPart - INFO - Epoch 274 (274/300):
2024-11-07 07:01:47,090 - ShapeNetPart - INFO - Train accuracy is: 96.50912
2024-11-07 07:01:47,090 - ShapeNetPart - INFO - Train loss: 0.08688
2024-11-07 07:01:47,091 - ShapeNetPart - INFO - lr: 0.000005
2024-11-07 07:02:43,021 - ShapeNetPart - INFO - eval mIoU of Car            78.517411
2024-11-07 07:02:43,022 - ShapeNetPart - INFO - Epoch 274 ETA: 10 days, 9:32:04 test Accuracy: 92.793902  Class avg mIOU: 78.517411  Inctance avg mIOU: 78.517411
2024-11-07 07:02:43,022 - ShapeNetPart - INFO - [Acc.] Best accuracy is: 93.65916
2024-11-07 07:02:43,022 - ShapeNetPart - INFO - [mIoU_C] Best class avg mIOU is: 78.64335
2024-11-07 07:02:43,022 - ShapeNetPart - INFO - [mIoU_I] Best inctance avg mIOU is: 78.64335
2024-11-07 07:02:43,022 - ShapeNetPart - INFO - Epoch 275 (275/300):
2024-11-07 07:05:50,786 - ShapeNetPart - INFO - Train accuracy is: 96.47720
2024-11-07 07:05:50,786 - ShapeNetPart - INFO - Train loss: 0.08630
2024-11-07 07:05:50,787 - ShapeNetPart - INFO - lr: 0.000005
2024-11-07 07:06:48,799 - ShapeNetPart - INFO - eval mIoU of Car            78.273762
2024-11-07 07:06:48,799 - ShapeNetPart - INFO - Epoch 275 ETA: 10 days, 1:09:51 test Accuracy: 92.555187  Class avg mIOU: 78.273762  Inctance avg mIOU: 78.273762
2024-11-07 07:06:48,800 - ShapeNetPart - INFO - [Acc.] Best accuracy is: 93.65916
2024-11-07 07:06:48,800 - ShapeNetPart - INFO - [mIoU_C] Best class avg mIOU is: 78.64335
2024-11-07 07:06:48,800 - ShapeNetPart - INFO - [mIoU_I] Best inctance avg mIOU is: 78.64335
2024-11-07 07:06:48,800 - ShapeNetPart - INFO - Epoch 276 (276/300):
2024-11-07 07:09:55,657 - ShapeNetPart - INFO - Train accuracy is: 96.57447
2024-11-07 07:09:55,658 - ShapeNetPart - INFO - Train loss: 0.08621
2024-11-07 07:09:55,658 - ShapeNetPart - INFO - lr: 0.000004
2024-11-07 07:10:51,881 - ShapeNetPart - INFO - eval mIoU of Car            77.780855
2024-11-07 07:10:51,882 - ShapeNetPart - INFO - Epoch 276 ETA: 9 days, 16:43:36 test Accuracy: 92.646658  Class avg mIOU: 77.780855  Inctance avg mIOU: 77.780855
2024-11-07 07:10:51,882 - ShapeNetPart - INFO - [Acc.] Best accuracy is: 93.65916
2024-11-07 07:10:51,882 - ShapeNetPart - INFO - [mIoU_C] Best class avg mIOU is: 78.64335
2024-11-07 07:10:51,882 - ShapeNetPart - INFO - [mIoU_I] Best inctance avg mIOU is: 78.64335
2024-11-07 07:10:51,882 - ShapeNetPart - INFO - Epoch 277 (277/300):
2024-11-07 07:13:48,568 - ShapeNetPart - INFO - Train accuracy is: 96.49447
2024-11-07 07:13:48,569 - ShapeNetPart - INFO - Train loss: 0.08611
2024-11-07 07:13:48,569 - ShapeNetPart - INFO - lr: 0.000004
2024-11-07 07:14:46,219 - ShapeNetPart - INFO - eval mIoU of Car            78.657605
2024-11-07 07:14:46,220 - ShapeNetPart - INFO - Epoch 277 ETA: 9 days, 8:13:20 test Accuracy: 92.608051  Class avg mIOU: 78.657605  Inctance avg mIOU: 78.657605
2024-11-07 07:14:46,220 - ShapeNetPart - INFO - Save model...
2024-11-07 07:14:46,220 - ShapeNetPart - INFO - Saving at log/part_seg/exp_v3/checkpoints/best_model.pth
2024-11-07 07:14:47,779 - ShapeNetPart - INFO - Saving model....
2024-11-07 07:14:47,779 - ShapeNetPart - INFO - [Acc.] Best accuracy is: 93.65916
2024-11-07 07:14:47,779 - ShapeNetPart - INFO - [mIoU_C] Best class avg mIOU is: 78.65761
2024-11-07 07:14:47,780 - ShapeNetPart - INFO - [mIoU_I] Best inctance avg mIOU is: 78.65761
2024-11-07 07:14:47,780 - ShapeNetPart - INFO - Epoch 278 (278/300):
2024-11-07 07:17:50,587 - ShapeNetPart - INFO - Train accuracy is: 96.74440
2024-11-07 07:17:50,588 - ShapeNetPart - INFO - Train loss: 0.08420
2024-11-07 07:17:50,588 - ShapeNetPart - INFO - lr: 0.000004
2024-11-07 07:18:47,212 - ShapeNetPart - INFO - eval mIoU of Car            77.838357
2024-11-07 07:18:47,212 - ShapeNetPart - INFO - Epoch 278 ETA: 8 days, 23:39:02 test Accuracy: 92.866363  Class avg mIOU: 77.838357  Inctance avg mIOU: 77.838357
2024-11-07 07:18:47,213 - ShapeNetPart - INFO - [Acc.] Best accuracy is: 93.65916
2024-11-07 07:18:47,213 - ShapeNetPart - INFO - [mIoU_C] Best class avg mIOU is: 78.65761
2024-11-07 07:18:47,213 - ShapeNetPart - INFO - [mIoU_I] Best inctance avg mIOU is: 78.65761
2024-11-07 07:18:47,213 - ShapeNetPart - INFO - Epoch 279 (279/300):
2024-11-07 07:22:07,881 - ShapeNetPart - INFO - Train accuracy is: 96.46507
2024-11-07 07:22:07,881 - ShapeNetPart - INFO - Train loss: 0.08727
2024-11-07 07:22:07,881 - ShapeNetPart - INFO - lr: 0.000004
2024-11-07 07:23:05,214 - ShapeNetPart - INFO - eval mIoU of Car            78.162934
2024-11-07 07:23:05,215 - ShapeNetPart - INFO - Epoch 279 ETA: 8 days, 15:00:44 test Accuracy: 92.689106  Class avg mIOU: 78.162934  Inctance avg mIOU: 78.162934
2024-11-07 07:23:05,215 - ShapeNetPart - INFO - [Acc.] Best accuracy is: 93.65916
2024-11-07 07:23:05,215 - ShapeNetPart - INFO - [mIoU_C] Best class avg mIOU is: 78.65761
2024-11-07 07:23:05,215 - ShapeNetPart - INFO - [mIoU_I] Best inctance avg mIOU is: 78.65761
2024-11-07 07:23:05,215 - ShapeNetPart - INFO - Epoch 280 (280/300):
2024-11-07 07:26:15,544 - ShapeNetPart - INFO - Train accuracy is: 96.54058
2024-11-07 07:26:15,545 - ShapeNetPart - INFO - Train loss: 0.08443
2024-11-07 07:26:15,545 - ShapeNetPart - INFO - lr: 0.000003
2024-11-07 07:27:14,722 - ShapeNetPart - INFO - eval mIoU of Car            77.971640
2024-11-07 07:27:14,723 - ShapeNetPart - INFO - Epoch 280 ETA: 8 days, 6:18:25 test Accuracy: 92.778711  Class avg mIOU: 77.971640  Inctance avg mIOU: 77.971640
2024-11-07 07:27:14,723 - ShapeNetPart - INFO - [Acc.] Best accuracy is: 93.65916
2024-11-07 07:27:14,723 - ShapeNetPart - INFO - [mIoU_C] Best class avg mIOU is: 78.65761
2024-11-07 07:27:14,723 - ShapeNetPart - INFO - [mIoU_I] Best inctance avg mIOU is: 78.65761
2024-11-07 07:27:14,723 - ShapeNetPart - INFO - Epoch 281 (281/300):
2024-11-07 07:30:03,569 - ShapeNetPart - INFO - Train accuracy is: 96.54093
2024-11-07 07:30:03,570 - ShapeNetPart - INFO - Train loss: 0.08616
2024-11-07 07:30:03,570 - ShapeNetPart - INFO - lr: 0.000003
2024-11-07 07:31:00,777 - ShapeNetPart - INFO - eval mIoU of Car            78.115288
2024-11-07 07:31:00,778 - ShapeNetPart - INFO - Epoch 281 ETA: 7 days, 21:32:04 test Accuracy: 92.367101  Class avg mIOU: 78.115288  Inctance avg mIOU: 78.115288
2024-11-07 07:31:00,778 - ShapeNetPart - INFO - [Acc.] Best accuracy is: 93.65916
2024-11-07 07:31:00,779 - ShapeNetPart - INFO - [mIoU_C] Best class avg mIOU is: 78.65761
2024-11-07 07:31:00,779 - ShapeNetPart - INFO - [mIoU_I] Best inctance avg mIOU is: 78.65761
2024-11-07 07:31:00,779 - ShapeNetPart - INFO - Epoch 282 (282/300):
2024-11-07 07:34:04,560 - ShapeNetPart - INFO - Train accuracy is: 96.63428
2024-11-07 07:34:04,560 - ShapeNetPart - INFO - Train loss: 0.08441
2024-11-07 07:34:04,560 - ShapeNetPart - INFO - lr: 0.000003
2024-11-07 07:34:58,643 - ShapeNetPart - INFO - eval mIoU of Car            77.876982
2024-11-07 07:34:58,643 - ShapeNetPart - INFO - Epoch 282 ETA: 7 days, 12:41:41 test Accuracy: 92.742839  Class avg mIOU: 77.876982  Inctance avg mIOU: 77.876982
2024-11-07 07:34:58,643 - ShapeNetPart - INFO - [Acc.] Best accuracy is: 93.65916
2024-11-07 07:34:58,643 - ShapeNetPart - INFO - [mIoU_C] Best class avg mIOU is: 78.65761
2024-11-07 07:34:58,643 - ShapeNetPart - INFO - [mIoU_I] Best inctance avg mIOU is: 78.65761
2024-11-07 07:34:58,643 - ShapeNetPart - INFO - Epoch 283 (283/300):
2024-11-07 07:38:12,336 - ShapeNetPart - INFO - Train accuracy is: 96.38162
2024-11-07 07:38:12,337 - ShapeNetPart - INFO - Train loss: 0.08539
2024-11-07 07:38:12,337 - ShapeNetPart - INFO - lr: 0.000003
2024-11-07 07:39:06,683 - ShapeNetPart - INFO - eval mIoU of Car            77.528050
2024-11-07 07:39:06,684 - ShapeNetPart - INFO - Epoch 283 ETA: 7 days, 3:47:17 test Accuracy: 93.539171  Class avg mIOU: 77.528050  Inctance avg mIOU: 77.528050
2024-11-07 07:39:06,684 - ShapeNetPart - INFO - [Acc.] Best accuracy is: 93.65916
2024-11-07 07:39:06,684 - ShapeNetPart - INFO - [mIoU_C] Best class avg mIOU is: 78.65761
2024-11-07 07:39:06,684 - ShapeNetPart - INFO - [mIoU_I] Best inctance avg mIOU is: 78.65761
2024-11-07 07:39:06,684 - ShapeNetPart - INFO - Epoch 284 (284/300):
2024-11-07 07:42:16,814 - ShapeNetPart - INFO - Train accuracy is: 96.39262
2024-11-07 07:42:16,815 - ShapeNetPart - INFO - Train loss: 0.08732
2024-11-07 07:42:16,815 - ShapeNetPart - INFO - lr: 0.000003
2024-11-07 07:43:12,672 - ShapeNetPart - INFO - eval mIoU of Car            78.098315
2024-11-07 07:43:12,673 - ShapeNetPart - INFO - Epoch 284 ETA: 6 days, 18:48:51 test Accuracy: 92.812652  Class avg mIOU: 78.098315  Inctance avg mIOU: 78.098315
2024-11-07 07:43:12,673 - ShapeNetPart - INFO - [Acc.] Best accuracy is: 93.65916
2024-11-07 07:43:12,673 - ShapeNetPart - INFO - [mIoU_C] Best class avg mIOU is: 78.65761
2024-11-07 07:43:12,673 - ShapeNetPart - INFO - [mIoU_I] Best inctance avg mIOU is: 78.65761
2024-11-07 07:43:12,674 - ShapeNetPart - INFO - Epoch 285 (285/300):
2024-11-07 07:46:31,207 - ShapeNetPart - INFO - Train accuracy is: 96.50532
2024-11-07 07:46:31,208 - ShapeNetPart - INFO - Train loss: 0.08674
2024-11-07 07:46:31,208 - ShapeNetPart - INFO - lr: 0.000002
2024-11-07 07:47:27,265 - ShapeNetPart - INFO - eval mIoU of Car            77.651670
2024-11-07 07:47:27,265 - ShapeNetPart - INFO - Epoch 285 ETA: 6 days, 9:46:26 test Accuracy: 92.814887  Class avg mIOU: 77.651670  Inctance avg mIOU: 77.651670
2024-11-07 07:47:27,265 - ShapeNetPart - INFO - [Acc.] Best accuracy is: 93.65916
2024-11-07 07:47:27,265 - ShapeNetPart - INFO - [mIoU_C] Best class avg mIOU is: 78.65761
2024-11-07 07:47:27,265 - ShapeNetPart - INFO - [mIoU_I] Best inctance avg mIOU is: 78.65761
2024-11-07 07:47:27,265 - ShapeNetPart - INFO - Epoch 286 (286/300):
2024-11-07 07:50:16,160 - ShapeNetPart - INFO - Train accuracy is: 96.61335
2024-11-07 07:50:16,160 - ShapeNetPart - INFO - Train loss: 0.08403
2024-11-07 07:50:16,160 - ShapeNetPart - INFO - lr: 0.000002
2024-11-07 07:51:13,012 - ShapeNetPart - INFO - eval mIoU of Car            78.612501
2024-11-07 07:51:13,013 - ShapeNetPart - INFO - Epoch 286 ETA: 6 days, 0:39:57 test Accuracy: 92.878277  Class avg mIOU: 78.612501  Inctance avg mIOU: 78.612501
2024-11-07 07:51:13,013 - ShapeNetPart - INFO - [Acc.] Best accuracy is: 93.65916
2024-11-07 07:51:13,013 - ShapeNetPart - INFO - [mIoU_C] Best class avg mIOU is: 78.65761
2024-11-07 07:51:13,013 - ShapeNetPart - INFO - [mIoU_I] Best inctance avg mIOU is: 78.65761
2024-11-07 07:51:13,013 - ShapeNetPart - INFO - Epoch 287 (287/300):
2024-11-07 07:54:07,319 - ShapeNetPart - INFO - Train accuracy is: 96.49917
2024-11-07 07:54:07,320 - ShapeNetPart - INFO - Train loss: 0.08467
2024-11-07 07:54:07,320 - ShapeNetPart - INFO - lr: 0.000002
2024-11-07 07:55:02,234 - ShapeNetPart - INFO - eval mIoU of Car            78.279759
2024-11-07 07:55:02,235 - ShapeNetPart - INFO - Epoch 287 ETA: 5 days, 15:29:27 test Accuracy: 92.790582  Class avg mIOU: 78.279759  Inctance avg mIOU: 78.279759
2024-11-07 07:55:02,235 - ShapeNetPart - INFO - [Acc.] Best accuracy is: 93.65916
2024-11-07 07:55:02,235 - ShapeNetPart - INFO - [mIoU_C] Best class avg mIOU is: 78.65761
2024-11-07 07:55:02,235 - ShapeNetPart - INFO - [mIoU_I] Best inctance avg mIOU is: 78.65761
2024-11-07 07:55:02,235 - ShapeNetPart - INFO - Epoch 288 (288/300):
2024-11-07 07:58:07,274 - ShapeNetPart - INFO - Train accuracy is: 96.46252
2024-11-07 07:58:07,275 - ShapeNetPart - INFO - Train loss: 0.08684
2024-11-07 07:58:07,275 - ShapeNetPart - INFO - lr: 0.000002
2024-11-07 07:59:02,402 - ShapeNetPart - INFO - eval mIoU of Car            77.907007
2024-11-07 07:59:02,402 - ShapeNetPart - INFO - Epoch 288 ETA: 5 days, 6:14:55 test Accuracy: 92.830187  Class avg mIOU: 77.907007  Inctance avg mIOU: 77.907007
2024-11-07 07:59:02,402 - ShapeNetPart - INFO - [Acc.] Best accuracy is: 93.65916
2024-11-07 07:59:02,402 - ShapeNetPart - INFO - [mIoU_C] Best class avg mIOU is: 78.65761
2024-11-07 07:59:02,402 - ShapeNetPart - INFO - [mIoU_I] Best inctance avg mIOU is: 78.65761
2024-11-07 07:59:02,402 - ShapeNetPart - INFO - Epoch 289 (289/300):
2024-11-07 08:02:05,206 - ShapeNetPart - INFO - Train accuracy is: 96.60810
2024-11-07 08:02:05,206 - ShapeNetPart - INFO - Train loss: 0.08481
2024-11-07 08:02:05,206 - ShapeNetPart - INFO - lr: 0.000002
2024-11-07 08:03:01,903 - ShapeNetPart - INFO - eval mIoU of Car            77.988751
2024-11-07 08:03:01,903 - ShapeNetPart - INFO - Epoch 289 ETA: 4 days, 20:56:22 test Accuracy: 92.979796  Class avg mIOU: 77.988751  Inctance avg mIOU: 77.988751
2024-11-07 08:03:01,903 - ShapeNetPart - INFO - [Acc.] Best accuracy is: 93.65916
2024-11-07 08:03:01,904 - ShapeNetPart - INFO - [mIoU_C] Best class avg mIOU is: 78.65761
2024-11-07 08:03:01,904 - ShapeNetPart - INFO - [mIoU_I] Best inctance avg mIOU is: 78.65761
2024-11-07 08:03:01,904 - ShapeNetPart - INFO - Epoch 290 (290/300):
2024-11-07 08:06:07,649 - ShapeNetPart - INFO - Train accuracy is: 96.52532
2024-11-07 08:06:07,649 - ShapeNetPart - INFO - Train loss: 0.08638
2024-11-07 08:06:07,649 - ShapeNetPart - INFO - lr: 0.000002
2024-11-07 08:07:08,060 - ShapeNetPart - INFO - eval mIoU of Car            78.007885
2024-11-07 08:07:08,061 - ShapeNetPart - INFO - Epoch 290 ETA: 4 days, 11:33:48 test Accuracy: 92.720920  Class avg mIOU: 78.007885  Inctance avg mIOU: 78.007885
2024-11-07 08:07:08,061 - ShapeNetPart - INFO - [Acc.] Best accuracy is: 93.65916
2024-11-07 08:07:08,061 - ShapeNetPart - INFO - [mIoU_C] Best class avg mIOU is: 78.65761
2024-11-07 08:07:08,061 - ShapeNetPart - INFO - [mIoU_I] Best inctance avg mIOU is: 78.65761
2024-11-07 08:07:08,061 - ShapeNetPart - INFO - Epoch 291 (291/300):
2024-11-07 08:10:18,128 - ShapeNetPart - INFO - Train accuracy is: 96.46159
2024-11-07 08:10:18,128 - ShapeNetPart - INFO - Train loss: 0.08566
2024-11-07 08:10:18,128 - ShapeNetPart - INFO - lr: 0.000002
2024-11-07 08:11:11,317 - ShapeNetPart - INFO - eval mIoU of Car            77.728893
2024-11-07 08:11:11,317 - ShapeNetPart - INFO - Epoch 291 ETA: 4 days, 2:07:12 test Accuracy: 92.460221  Class avg mIOU: 77.728893  Inctance avg mIOU: 77.728893
2024-11-07 08:11:11,317 - ShapeNetPart - INFO - [Acc.] Best accuracy is: 93.65916
2024-11-07 08:11:11,317 - ShapeNetPart - INFO - [mIoU_C] Best class avg mIOU is: 78.65761
2024-11-07 08:11:11,317 - ShapeNetPart - INFO - [mIoU_I] Best inctance avg mIOU is: 78.65761
2024-11-07 08:11:11,317 - ShapeNetPart - INFO - Epoch 292 (292/300):
2024-11-07 08:14:16,624 - ShapeNetPart - INFO - Train accuracy is: 96.48447
2024-11-07 08:14:16,624 - ShapeNetPart - INFO - Train loss: 0.08527
2024-11-07 08:14:16,624 - ShapeNetPart - INFO - lr: 0.000001
2024-11-07 08:15:15,822 - ShapeNetPart - INFO - eval mIoU of Car            77.774318
2024-11-07 08:15:15,823 - ShapeNetPart - INFO - Epoch 292 ETA: 3 days, 16:36:35 test Accuracy: 93.002799  Class avg mIOU: 77.774318  Inctance avg mIOU: 77.774318
2024-11-07 08:15:15,823 - ShapeNetPart - INFO - [Acc.] Best accuracy is: 93.65916
2024-11-07 08:15:15,823 - ShapeNetPart - INFO - [mIoU_C] Best class avg mIOU is: 78.65761
2024-11-07 08:15:15,823 - ShapeNetPart - INFO - [mIoU_I] Best inctance avg mIOU is: 78.65761
2024-11-07 08:15:15,823 - ShapeNetPart - INFO - Epoch 293 (293/300):
2024-11-07 08:18:24,342 - ShapeNetPart - INFO - Train accuracy is: 96.56653
2024-11-07 08:18:24,343 - ShapeNetPart - INFO - Train loss: 0.08442
2024-11-07 08:18:24,343 - ShapeNetPart - INFO - lr: 0.000001
2024-11-07 08:19:20,871 - ShapeNetPart - INFO - eval mIoU of Car            78.334776
2024-11-07 08:19:20,872 - ShapeNetPart - INFO - Epoch 293 ETA: 3 days, 7:01:57 test Accuracy: 93.303559  Class avg mIOU: 78.334776  Inctance avg mIOU: 78.334776
2024-11-07 08:19:20,872 - ShapeNetPart - INFO - [Acc.] Best accuracy is: 93.65916
2024-11-07 08:19:20,872 - ShapeNetPart - INFO - [mIoU_C] Best class avg mIOU is: 78.65761
2024-11-07 08:19:20,872 - ShapeNetPart - INFO - [mIoU_I] Best inctance avg mIOU is: 78.65761
2024-11-07 08:19:20,872 - ShapeNetPart - INFO - Epoch 294 (294/300):
2024-11-07 08:22:21,856 - ShapeNetPart - INFO - Train accuracy is: 96.69773
2024-11-07 08:22:21,857 - ShapeNetPart - INFO - Train loss: 0.08403
2024-11-07 08:22:21,857 - ShapeNetPart - INFO - lr: 0.000001
2024-11-07 08:23:18,217 - ShapeNetPart - INFO - eval mIoU of Car            78.006411
2024-11-07 08:23:18,217 - ShapeNetPart - INFO - Epoch 294 ETA: 2 days, 21:23:17 test Accuracy: 92.666775  Class avg mIOU: 78.006411  Inctance avg mIOU: 78.006411
2024-11-07 08:23:18,217 - ShapeNetPart - INFO - [Acc.] Best accuracy is: 93.65916
2024-11-07 08:23:18,217 - ShapeNetPart - INFO - [mIoU_C] Best class avg mIOU is: 78.65761
2024-11-07 08:23:18,217 - ShapeNetPart - INFO - [mIoU_I] Best inctance avg mIOU is: 78.65761
2024-11-07 08:23:18,218 - ShapeNetPart - INFO - Epoch 295 (295/300):
2024-11-07 08:26:23,214 - ShapeNetPart - INFO - Train accuracy is: 96.59095
2024-11-07 08:26:23,215 - ShapeNetPart - INFO - Train loss: 0.08622
2024-11-07 08:26:23,215 - ShapeNetPart - INFO - lr: 0.000001
2024-11-07 08:27:24,825 - ShapeNetPart - INFO - eval mIoU of Car            77.680328
2024-11-07 08:27:24,826 - ShapeNetPart - INFO - Epoch 295 ETA: 2 days, 11:40:36 test Accuracy: 92.380924  Class avg mIOU: 77.680328  Inctance avg mIOU: 77.680328
2024-11-07 08:27:24,826 - ShapeNetPart - INFO - [Acc.] Best accuracy is: 93.65916
2024-11-07 08:27:24,826 - ShapeNetPart - INFO - [mIoU_C] Best class avg mIOU is: 78.65761
2024-11-07 08:27:24,826 - ShapeNetPart - INFO - [mIoU_I] Best inctance avg mIOU is: 78.65761
2024-11-07 08:27:24,826 - ShapeNetPart - INFO - Epoch 296 (296/300):
2024-11-07 08:30:32,522 - ShapeNetPart - INFO - Train accuracy is: 96.69137
2024-11-07 08:30:32,523 - ShapeNetPart - INFO - Train loss: 0.08414
2024-11-07 08:30:32,523 - ShapeNetPart - INFO - lr: 0.000001
2024-11-07 08:31:30,090 - ShapeNetPart - INFO - eval mIoU of Car            78.113022
2024-11-07 08:31:30,091 - ShapeNetPart - INFO - Epoch 296 ETA: 2 days, 1:53:54 test Accuracy: 92.666580  Class avg mIOU: 78.113022  Inctance avg mIOU: 78.113022
2024-11-07 08:31:30,091 - ShapeNetPart - INFO - [Acc.] Best accuracy is: 93.65916
2024-11-07 08:31:30,091 - ShapeNetPart - INFO - [mIoU_C] Best class avg mIOU is: 78.65761
2024-11-07 08:31:30,091 - ShapeNetPart - INFO - [mIoU_I] Best inctance avg mIOU is: 78.65761
2024-11-07 08:31:30,091 - ShapeNetPart - INFO - Epoch 297 (297/300):
2024-11-07 08:34:46,558 - ShapeNetPart - INFO - Train accuracy is: 96.47500
2024-11-07 08:34:46,558 - ShapeNetPart - INFO - Train loss: 0.08597
2024-11-07 08:34:46,558 - ShapeNetPart - INFO - lr: 0.000001
2024-11-07 08:35:42,166 - ShapeNetPart - INFO - eval mIoU of Car            78.260064
2024-11-07 08:35:42,166 - ShapeNetPart - INFO - Epoch 297 ETA: 1 day, 16:03:10 test Accuracy: 92.349262  Class avg mIOU: 78.260064  Inctance avg mIOU: 78.260064
2024-11-07 08:35:42,166 - ShapeNetPart - INFO - [Acc.] Best accuracy is: 93.65916
2024-11-07 08:35:42,166 - ShapeNetPart - INFO - [mIoU_C] Best class avg mIOU is: 78.65761
2024-11-07 08:35:42,167 - ShapeNetPart - INFO - [mIoU_I] Best inctance avg mIOU is: 78.65761
2024-11-07 08:35:42,167 - ShapeNetPart - INFO - Epoch 298 (298/300):
2024-11-07 08:38:43,325 - ShapeNetPart - INFO - Train accuracy is: 96.58081
2024-11-07 08:38:43,326 - ShapeNetPart - INFO - Train loss: 0.08397
2024-11-07 08:38:43,326 - ShapeNetPart - INFO - lr: 0.000001
2024-11-07 08:39:38,604 - ShapeNetPart - INFO - eval mIoU of Car            78.006840
2024-11-07 08:39:38,605 - ShapeNetPart - INFO - Epoch 298 ETA: 1 day, 6:08:25 test Accuracy: 93.034158  Class avg mIOU: 78.006840  Inctance avg mIOU: 78.006840
2024-11-07 08:39:38,605 - ShapeNetPart - INFO - [Acc.] Best accuracy is: 93.65916
2024-11-07 08:39:38,605 - ShapeNetPart - INFO - [mIoU_C] Best class avg mIOU is: 78.65761
2024-11-07 08:39:38,605 - ShapeNetPart - INFO - [mIoU_I] Best inctance avg mIOU is: 78.65761
2024-11-07 08:39:38,605 - ShapeNetPart - INFO - Epoch 299 (299/300):
2024-11-07 08:42:57,009 - ShapeNetPart - INFO - Train accuracy is: 96.51860
2024-11-07 08:42:57,010 - ShapeNetPart - INFO - Train loss: 0.08458
2024-11-07 08:42:57,010 - ShapeNetPart - INFO - lr: 0.000001
2024-11-07 08:43:55,204 - ShapeNetPart - INFO - eval mIoU of Car            78.114920
2024-11-07 08:43:55,205 - ShapeNetPart - INFO - Epoch 299 ETA: 20:09:38 test Accuracy: 92.703624  Class avg mIOU: 78.114920  Inctance avg mIOU: 78.114920
2024-11-07 08:43:55,205 - ShapeNetPart - INFO - [Acc.] Best accuracy is: 93.65916
2024-11-07 08:43:55,205 - ShapeNetPart - INFO - [mIoU_C] Best class avg mIOU is: 78.65761
2024-11-07 08:43:55,205 - ShapeNetPart - INFO - [mIoU_I] Best inctance avg mIOU is: 78.65761
2024-11-07 08:43:55,205 - ShapeNetPart - INFO - Epoch 300 (300/300):
2024-11-07 08:46:47,930 - ShapeNetPart - INFO - Train accuracy is: 96.51409
2024-11-07 08:46:47,931 - ShapeNetPart - INFO - Train loss: 0.08516
2024-11-07 08:46:47,931 - ShapeNetPart - INFO - lr: 0.000001
2024-11-07 08:47:45,175 - ShapeNetPart - INFO - eval mIoU of Car            78.091697
2024-11-07 08:47:45,175 - ShapeNetPart - INFO - Epoch 300 ETA: 10:06:49 test Accuracy: 92.576107  Class avg mIOU: 78.091697  Inctance avg mIOU: 78.091697
2024-11-07 08:47:45,175 - ShapeNetPart - INFO - [Acc.] Best accuracy is: 93.65916
2024-11-07 08:47:45,176 - ShapeNetPart - INFO - [mIoU_C] Best class avg mIOU is: 78.65761
2024-11-07 08:47:45,176 - ShapeNetPart - INFO - [mIoU_I] Best inctance avg mIOU is: 78.65761
